ISO-10303-21;
HEADER;
/* Generated by software containing ST-Developer
 * from STEP Tools, Inc. (www.steptools.com) 
 */

FILE_DESCRIPTION(
/* description */ (''),
/* implementation_level */ '2;1');

FILE_NAME(
/* name */ 'DESK STAND.step',
/* time_stamp */ '2026-09-14T02:57:54+05:30',
/* author */ (''),
/* organization */ (''),
/* preprocessor_version */ 'ST-DEVELOPER v20.2',
/* originating_system */ 'Autodesk Translation Framework v15.15.0.0',
/* authorisation */ '');

FILE_SCHEMA (('AUTOMOTIVE_DESIGN { 1 0 10303 214 3 1 1 }'));
ENDSEC;

DATA;
#10=MECHANICAL_DESIGN_GEOMETRIC_PRESENTATION_REPRESENTATION('',(#20,#21,
#22,#23,#24,#25),#5206);
#11=SHAPE_REPRESENTATION_RELATIONSHIP('SRR','None',#5213,#12);
#12=ADVANCED_BREP_SHAPE_REPRESENTATION('',(#26,#27,#28,#29,#30,#31),#5205);
#13=SPHERICAL_SURFACE('',#3288,1.99999999999999);
#14=SPHERICAL_SURFACE('',#3296,1.99999999999999);
#15=SPHERICAL_SURFACE('',#3302,1.99999999999999);
#16=SPHERICAL_SURFACE('',#3317,1.99999999999999);
#17=B_SPLINE_CURVE_WITH_KNOTS('',3,(#4984,#4985,#4986,#4987,#4988,#4989,
#4990,#4991,#4992,#4993,#4994,#4995),.UNSPECIFIED.,.F.,.F.,(4,1,1,1,1,1,
1,2,4),(-0.759869535866534,-0.683882582279881,-0.607895628693227,-0.531908675106574,
-0.45592172151992,-0.379934767933267,-0.303947814346614,0.,0.00112549762548474),
 .UNSPECIFIED.);
#18=B_SPLINE_CURVE_WITH_KNOTS('',3,(#4996,#4997,#4998,#4999,#5000,#5001,
#5002,#5003,#5004,#5005,#5006,#5007),.UNSPECIFIED.,.F.,.F.,(4,2,1,1,1,1,
1,1,4),(-0.00112549762548474,0.,0.303947814346614,0.379934767933267,0.45592172151992,
0.531908675106574,0.607895628693227,0.683882582279881,0.759869535866534),
 .UNSPECIFIED.);
#19=B_SPLINE_SURFACE_WITH_KNOTS('',3,3,((#4923,#4924,#4925,#4926,#4927,
#4928,#4929,#4930,#4931,#4932,#4933,#4934),(#4935,#4936,#4937,#4938,#4939,
#4940,#4941,#4942,#4943,#4944,#4945,#4946),(#4947,#4948,#4949,#4950,#4951,
#4952,#4953,#4954,#4955,#4956,#4957,#4958),(#4959,#4960,#4961,#4962,#4963,
#4964,#4965,#4966,#4967,#4968,#4969,#4970),(#4971,#4972,#4973,#4974,#4975,
#4976,#4977,#4978,#4979,#4980,#4981,#4982)),.UNSPECIFIED.,.F.,.F.,.F.,(4,
1,4),(4,2,1,1,1,1,1,1,4),(0.,0.571428571428571,1.),(-0.00112549762548474,
0.,0.303947814346614,0.379934767933267,0.45592172151992,0.531908675106574,
0.607895628693227,0.683882582279881,0.759869535866534),.UNSPECIFIED.);
#20=STYLED_ITEM('',(#5222),#26);
#21=STYLED_ITEM('',(#5222),#27);
#22=STYLED_ITEM('',(#5222),#28);
#23=STYLED_ITEM('',(#5222),#29);
#24=STYLED_ITEM('',(#5222),#30);
#25=STYLED_ITEM('',(#5222),#31);
#26=MANIFOLD_SOLID_BREP('Body2',#3051);
#27=MANIFOLD_SOLID_BREP('Body7',#3052);
#28=MANIFOLD_SOLID_BREP('Body10',#3053);
#29=MANIFOLD_SOLID_BREP('Body13',#3054);
#30=MANIFOLD_SOLID_BREP('Body14',#3055);
#31=MANIFOLD_SOLID_BREP('Body15',#3056);
#32=FACE_BOUND('',#353,.T.);
#33=FACE_BOUND('',#408,.T.);
#34=FACE_BOUND('',#419,.T.);
#35=FACE_BOUND('',#442,.T.);
#36=TOROIDAL_SURFACE('',#3103,18.,2.);
#37=TOROIDAL_SURFACE('',#3109,4.,2.);
#38=TOROIDAL_SURFACE('',#3115,18.,2.);
#39=TOROIDAL_SURFACE('',#3127,18.,2.);
#40=TOROIDAL_SURFACE('',#3133,4.,2.);
#41=TOROIDAL_SURFACE('',#3139,18.,2.);
#42=TOROIDAL_SURFACE('',#3159,18.,2.);
#43=TOROIDAL_SURFACE('',#3165,4.,2.);
#44=TOROIDAL_SURFACE('',#3171,18.,2.);
#45=TOROIDAL_SURFACE('',#3309,3.99999999999999,1.99999999999999);
#46=PLANE('',#3075);
#47=PLANE('',#3080);
#48=PLANE('',#3081);
#49=PLANE('',#3087);
#50=PLANE('',#3089);
#51=PLANE('',#3093);
#52=PLANE('',#3094);
#53=PLANE('',#3098);
#54=PLANE('',#3099);
#55=PLANE('',#3121);
#56=PLANE('',#3122);
#57=PLANE('',#3123);
#58=PLANE('',#3145);
#59=PLANE('',#3148);
#60=PLANE('',#3151);
#61=PLANE('',#3154);
#62=PLANE('',#3155);
#63=PLANE('',#3177);
#64=PLANE('',#3178);
#65=PLANE('',#3181);
#66=PLANE('',#3185);
#67=PLANE('',#3188);
#68=PLANE('',#3189);
#69=PLANE('',#3190);
#70=PLANE('',#3191);
#71=PLANE('',#3192);
#72=PLANE('',#3193);
#73=PLANE('',#3194);
#74=PLANE('',#3195);
#75=PLANE('',#3196);
#76=PLANE('',#3197);
#77=PLANE('',#3198);
#78=PLANE('',#3199);
#79=PLANE('',#3200);
#80=PLANE('',#3201);
#81=PLANE('',#3202);
#82=PLANE('',#3203);
#83=PLANE('',#3204);
#84=PLANE('',#3205);
#85=PLANE('',#3206);
#86=PLANE('',#3207);
#87=PLANE('',#3208);
#88=PLANE('',#3212);
#89=PLANE('',#3217);
#90=PLANE('',#3222);
#91=PLANE('',#3225);
#92=PLANE('',#3226);
#93=PLANE('',#3227);
#94=PLANE('',#3230);
#95=PLANE('',#3231);
#96=PLANE('',#3232);
#97=PLANE('',#3233);
#98=PLANE('',#3234);
#99=PLANE('',#3235);
#100=PLANE('',#3236);
#101=PLANE('',#3237);
#102=PLANE('',#3238);
#103=PLANE('',#3239);
#104=PLANE('',#3240);
#105=PLANE('',#3241);
#106=PLANE('',#3242);
#107=PLANE('',#3243);
#108=PLANE('',#3244);
#109=PLANE('',#3248);
#110=PLANE('',#3249);
#111=PLANE('',#3256);
#112=PLANE('',#3257);
#113=PLANE('',#3258);
#114=PLANE('',#3263);
#115=PLANE('',#3264);
#116=PLANE('',#3265);
#117=PLANE('',#3266);
#118=PLANE('',#3267);
#119=PLANE('',#3272);
#120=PLANE('',#3273);
#121=PLANE('',#3274);
#122=PLANE('',#3275);
#123=PLANE('',#3276);
#124=PLANE('',#3277);
#125=PLANE('',#3278);
#126=PLANE('',#3279);
#127=PLANE('',#3280);
#128=PLANE('',#3281);
#129=PLANE('',#3287);
#130=PLANE('',#3326);
#131=PLANE('',#3327);
#132=PLANE('',#3328);
#133=PLANE('',#3329);
#134=PLANE('',#3330);
#135=PLANE('',#3331);
#136=PLANE('',#3332);
#137=PLANE('',#3333);
#138=PLANE('',#3334);
#139=PLANE('',#3335);
#140=PLANE('',#3336);
#141=PLANE('',#3337);
#142=PLANE('',#3338);
#143=PLANE('',#3339);
#144=PLANE('',#3340);
#145=PLANE('',#3341);
#146=PLANE('',#3342);
#147=PLANE('',#3343);
#148=PLANE('',#3344);
#149=PLANE('',#3345);
#150=PLANE('',#3346);
#151=PLANE('',#3347);
#152=PLANE('',#3348);
#153=PLANE('',#3349);
#154=PLANE('',#3350);
#155=PLANE('',#3351);
#156=PLANE('',#3352);
#157=FACE_OUTER_BOUND('',#331,.T.);
#158=FACE_OUTER_BOUND('',#332,.T.);
#159=FACE_OUTER_BOUND('',#333,.T.);
#160=FACE_OUTER_BOUND('',#334,.T.);
#161=FACE_OUTER_BOUND('',#335,.T.);
#162=FACE_OUTER_BOUND('',#336,.T.);
#163=FACE_OUTER_BOUND('',#337,.T.);
#164=FACE_OUTER_BOUND('',#338,.T.);
#165=FACE_OUTER_BOUND('',#339,.T.);
#166=FACE_OUTER_BOUND('',#340,.T.);
#167=FACE_OUTER_BOUND('',#341,.T.);
#168=FACE_OUTER_BOUND('',#342,.T.);
#169=FACE_OUTER_BOUND('',#343,.T.);
#170=FACE_OUTER_BOUND('',#344,.T.);
#171=FACE_OUTER_BOUND('',#345,.T.);
#172=FACE_OUTER_BOUND('',#346,.T.);
#173=FACE_OUTER_BOUND('',#347,.T.);
#174=FACE_OUTER_BOUND('',#348,.T.);
#175=FACE_OUTER_BOUND('',#349,.T.);
#176=FACE_OUTER_BOUND('',#350,.T.);
#177=FACE_OUTER_BOUND('',#351,.T.);
#178=FACE_OUTER_BOUND('',#352,.T.);
#179=FACE_OUTER_BOUND('',#354,.T.);
#180=FACE_OUTER_BOUND('',#355,.T.);
#181=FACE_OUTER_BOUND('',#356,.T.);
#182=FACE_OUTER_BOUND('',#357,.T.);
#183=FACE_OUTER_BOUND('',#358,.T.);
#184=FACE_OUTER_BOUND('',#359,.T.);
#185=FACE_OUTER_BOUND('',#360,.T.);
#186=FACE_OUTER_BOUND('',#361,.T.);
#187=FACE_OUTER_BOUND('',#362,.T.);
#188=FACE_OUTER_BOUND('',#363,.T.);
#189=FACE_OUTER_BOUND('',#364,.T.);
#190=FACE_OUTER_BOUND('',#365,.T.);
#191=FACE_OUTER_BOUND('',#366,.T.);
#192=FACE_OUTER_BOUND('',#367,.T.);
#193=FACE_OUTER_BOUND('',#368,.T.);
#194=FACE_OUTER_BOUND('',#369,.T.);
#195=FACE_OUTER_BOUND('',#370,.T.);
#196=FACE_OUTER_BOUND('',#371,.T.);
#197=FACE_OUTER_BOUND('',#372,.T.);
#198=FACE_OUTER_BOUND('',#373,.T.);
#199=FACE_OUTER_BOUND('',#374,.T.);
#200=FACE_OUTER_BOUND('',#375,.T.);
#201=FACE_OUTER_BOUND('',#376,.T.);
#202=FACE_OUTER_BOUND('',#377,.T.);
#203=FACE_OUTER_BOUND('',#378,.T.);
#204=FACE_OUTER_BOUND('',#379,.T.);
#205=FACE_OUTER_BOUND('',#380,.T.);
#206=FACE_OUTER_BOUND('',#381,.T.);
#207=FACE_OUTER_BOUND('',#382,.T.);
#208=FACE_OUTER_BOUND('',#383,.T.);
#209=FACE_OUTER_BOUND('',#384,.T.);
#210=FACE_OUTER_BOUND('',#385,.T.);
#211=FACE_OUTER_BOUND('',#386,.T.);
#212=FACE_OUTER_BOUND('',#387,.T.);
#213=FACE_OUTER_BOUND('',#388,.T.);
#214=FACE_OUTER_BOUND('',#389,.T.);
#215=FACE_OUTER_BOUND('',#390,.T.);
#216=FACE_OUTER_BOUND('',#391,.T.);
#217=FACE_OUTER_BOUND('',#392,.T.);
#218=FACE_OUTER_BOUND('',#393,.T.);
#219=FACE_OUTER_BOUND('',#394,.T.);
#220=FACE_OUTER_BOUND('',#395,.T.);
#221=FACE_OUTER_BOUND('',#396,.T.);
#222=FACE_OUTER_BOUND('',#397,.T.);
#223=FACE_OUTER_BOUND('',#398,.T.);
#224=FACE_OUTER_BOUND('',#399,.T.);
#225=FACE_OUTER_BOUND('',#400,.T.);
#226=FACE_OUTER_BOUND('',#401,.T.);
#227=FACE_OUTER_BOUND('',#402,.T.);
#228=FACE_OUTER_BOUND('',#403,.T.);
#229=FACE_OUTER_BOUND('',#404,.T.);
#230=FACE_OUTER_BOUND('',#405,.T.);
#231=FACE_OUTER_BOUND('',#406,.T.);
#232=FACE_OUTER_BOUND('',#407,.T.);
#233=FACE_OUTER_BOUND('',#409,.T.);
#234=FACE_OUTER_BOUND('',#410,.T.);
#235=FACE_OUTER_BOUND('',#411,.T.);
#236=FACE_OUTER_BOUND('',#412,.T.);
#237=FACE_OUTER_BOUND('',#413,.T.);
#238=FACE_OUTER_BOUND('',#414,.T.);
#239=FACE_OUTER_BOUND('',#415,.T.);
#240=FACE_OUTER_BOUND('',#416,.T.);
#241=FACE_OUTER_BOUND('',#417,.T.);
#242=FACE_OUTER_BOUND('',#418,.T.);
#243=FACE_OUTER_BOUND('',#420,.T.);
#244=FACE_OUTER_BOUND('',#421,.T.);
#245=FACE_OUTER_BOUND('',#422,.T.);
#246=FACE_OUTER_BOUND('',#423,.T.);
#247=FACE_OUTER_BOUND('',#424,.T.);
#248=FACE_OUTER_BOUND('',#425,.T.);
#249=FACE_OUTER_BOUND('',#426,.T.);
#250=FACE_OUTER_BOUND('',#427,.T.);
#251=FACE_OUTER_BOUND('',#428,.T.);
#252=FACE_OUTER_BOUND('',#429,.T.);
#253=FACE_OUTER_BOUND('',#430,.T.);
#254=FACE_OUTER_BOUND('',#431,.T.);
#255=FACE_OUTER_BOUND('',#432,.T.);
#256=FACE_OUTER_BOUND('',#433,.T.);
#257=FACE_OUTER_BOUND('',#434,.T.);
#258=FACE_OUTER_BOUND('',#435,.T.);
#259=FACE_OUTER_BOUND('',#436,.T.);
#260=FACE_OUTER_BOUND('',#437,.T.);
#261=FACE_OUTER_BOUND('',#438,.T.);
#262=FACE_OUTER_BOUND('',#439,.T.);
#263=FACE_OUTER_BOUND('',#440,.T.);
#264=FACE_OUTER_BOUND('',#441,.T.);
#265=FACE_OUTER_BOUND('',#443,.T.);
#266=FACE_OUTER_BOUND('',#444,.T.);
#267=FACE_OUTER_BOUND('',#445,.T.);
#268=FACE_OUTER_BOUND('',#446,.T.);
#269=FACE_OUTER_BOUND('',#447,.T.);
#270=FACE_OUTER_BOUND('',#448,.T.);
#271=FACE_OUTER_BOUND('',#449,.T.);
#272=FACE_OUTER_BOUND('',#450,.T.);
#273=FACE_OUTER_BOUND('',#451,.T.);
#274=FACE_OUTER_BOUND('',#452,.T.);
#275=FACE_OUTER_BOUND('',#453,.T.);
#276=FACE_OUTER_BOUND('',#454,.T.);
#277=FACE_OUTER_BOUND('',#455,.T.);
#278=FACE_OUTER_BOUND('',#456,.T.);
#279=FACE_OUTER_BOUND('',#457,.T.);
#280=FACE_OUTER_BOUND('',#458,.T.);
#281=FACE_OUTER_BOUND('',#459,.T.);
#282=FACE_OUTER_BOUND('',#460,.T.);
#283=FACE_OUTER_BOUND('',#461,.T.);
#284=FACE_OUTER_BOUND('',#462,.T.);
#285=FACE_OUTER_BOUND('',#463,.T.);
#286=FACE_OUTER_BOUND('',#464,.T.);
#287=FACE_OUTER_BOUND('',#465,.T.);
#288=FACE_OUTER_BOUND('',#466,.T.);
#289=FACE_OUTER_BOUND('',#467,.T.);
#290=FACE_OUTER_BOUND('',#468,.T.);
#291=FACE_OUTER_BOUND('',#469,.T.);
#292=FACE_OUTER_BOUND('',#470,.T.);
#293=FACE_OUTER_BOUND('',#471,.T.);
#294=FACE_OUTER_BOUND('',#472,.T.);
#295=FACE_OUTER_BOUND('',#473,.T.);
#296=FACE_OUTER_BOUND('',#474,.T.);
#297=FACE_OUTER_BOUND('',#475,.T.);
#298=FACE_OUTER_BOUND('',#476,.T.);
#299=FACE_OUTER_BOUND('',#477,.T.);
#300=FACE_OUTER_BOUND('',#478,.T.);
#301=FACE_OUTER_BOUND('',#479,.T.);
#302=FACE_OUTER_BOUND('',#480,.T.);
#303=FACE_OUTER_BOUND('',#481,.T.);
#304=FACE_OUTER_BOUND('',#482,.T.);
#305=FACE_OUTER_BOUND('',#483,.T.);
#306=FACE_OUTER_BOUND('',#484,.T.);
#307=FACE_OUTER_BOUND('',#485,.T.);
#308=FACE_OUTER_BOUND('',#486,.T.);
#309=FACE_OUTER_BOUND('',#487,.T.);
#310=FACE_OUTER_BOUND('',#488,.T.);
#311=FACE_OUTER_BOUND('',#489,.T.);
#312=FACE_OUTER_BOUND('',#490,.T.);
#313=FACE_OUTER_BOUND('',#491,.T.);
#314=FACE_OUTER_BOUND('',#492,.T.);
#315=FACE_OUTER_BOUND('',#493,.T.);
#316=FACE_OUTER_BOUND('',#494,.T.);
#317=FACE_OUTER_BOUND('',#495,.T.);
#318=FACE_OUTER_BOUND('',#496,.T.);
#319=FACE_OUTER_BOUND('',#497,.T.);
#320=FACE_OUTER_BOUND('',#498,.T.);
#321=FACE_OUTER_BOUND('',#499,.T.);
#322=FACE_OUTER_BOUND('',#500,.T.);
#323=FACE_OUTER_BOUND('',#501,.T.);
#324=FACE_OUTER_BOUND('',#502,.T.);
#325=FACE_OUTER_BOUND('',#503,.T.);
#326=FACE_OUTER_BOUND('',#504,.T.);
#327=FACE_OUTER_BOUND('',#505,.T.);
#328=FACE_OUTER_BOUND('',#506,.T.);
#329=FACE_OUTER_BOUND('',#507,.T.);
#330=FACE_OUTER_BOUND('',#508,.T.);
#331=EDGE_LOOP('',(#1965,#1966,#1967,#1968,#1969,#1970));
#332=EDGE_LOOP('',(#1971,#1972,#1973,#1974));
#333=EDGE_LOOP('',(#1975,#1976,#1977,#1978,#1979));
#334=EDGE_LOOP('',(#1980,#1981,#1982,#1983,#1984,#1985));
#335=EDGE_LOOP('',(#1986,#1987,#1988,#1989,#1990));
#336=EDGE_LOOP('',(#1991,#1992,#1993,#1994,#1995,#1996));
#337=EDGE_LOOP('',(#1997,#1998,#1999,#2000,#2001,#2002,#2003));
#338=EDGE_LOOP('',(#2004,#2005,#2006,#2007));
#339=EDGE_LOOP('',(#2008,#2009,#2010,#2011,#2012));
#340=EDGE_LOOP('',(#2013,#2014,#2015,#2016,#2017));
#341=EDGE_LOOP('',(#2018,#2019,#2020,#2021,#2022,#2023));
#342=EDGE_LOOP('',(#2024,#2025,#2026,#2027));
#343=EDGE_LOOP('',(#2028,#2029,#2030,#2031,#2032,#2033,#2034,#2035,#2036,
#2037,#2038));
#344=EDGE_LOOP('',(#2039,#2040,#2041,#2042));
#345=EDGE_LOOP('',(#2043,#2044,#2045,#2046));
#346=EDGE_LOOP('',(#2047,#2048,#2049,#2050));
#347=EDGE_LOOP('',(#2051,#2052,#2053,#2054));
#348=EDGE_LOOP('',(#2055,#2056,#2057,#2058));
#349=EDGE_LOOP('',(#2059,#2060,#2061,#2062));
#350=EDGE_LOOP('',(#2063,#2064,#2065,#2066));
#351=EDGE_LOOP('',(#2067,#2068,#2069,#2070));
#352=EDGE_LOOP('',(#2071,#2072,#2073,#2074,#2075,#2076,#2077,#2078,#2079));
#353=EDGE_LOOP('',(#2080,#2081,#2082,#2083,#2084));
#354=EDGE_LOOP('',(#2085,#2086,#2087,#2088,#2089));
#355=EDGE_LOOP('',(#2090,#2091,#2092,#2093));
#356=EDGE_LOOP('',(#2094,#2095,#2096,#2097));
#357=EDGE_LOOP('',(#2098,#2099,#2100,#2101));
#358=EDGE_LOOP('',(#2102,#2103,#2104,#2105));
#359=EDGE_LOOP('',(#2106,#2107,#2108,#2109));
#360=EDGE_LOOP('',(#2110,#2111,#2112,#2113));
#361=EDGE_LOOP('',(#2114,#2115,#2116,#2117));
#362=EDGE_LOOP('',(#2118,#2119,#2120,#2121));
#363=EDGE_LOOP('',(#2122,#2123,#2124,#2125,#2126,#2127,#2128,#2129,#2130,
#2131,#2132,#2133,#2134));
#364=EDGE_LOOP('',(#2135,#2136,#2137,#2138));
#365=EDGE_LOOP('',(#2139,#2140,#2141,#2142));
#366=EDGE_LOOP('',(#2143,#2144,#2145,#2146));
#367=EDGE_LOOP('',(#2147,#2148,#2149,#2150));
#368=EDGE_LOOP('',(#2151,#2152,#2153,#2154));
#369=EDGE_LOOP('',(#2155,#2156,#2157,#2158));
#370=EDGE_LOOP('',(#2159,#2160,#2161,#2162,#2163,#2164,#2165,#2166,#2167,
#2168,#2169,#2170,#2171,#2172,#2173,#2174));
#371=EDGE_LOOP('',(#2175,#2176,#2177,#2178));
#372=EDGE_LOOP('',(#2179,#2180,#2181,#2182));
#373=EDGE_LOOP('',(#2183,#2184,#2185,#2186));
#374=EDGE_LOOP('',(#2187,#2188,#2189,#2190));
#375=EDGE_LOOP('',(#2191,#2192,#2193,#2194));
#376=EDGE_LOOP('',(#2195,#2196,#2197,#2198));
#377=EDGE_LOOP('',(#2199,#2200,#2201,#2202));
#378=EDGE_LOOP('',(#2203,#2204,#2205,#2206,#2207,#2208,#2209,#2210,#2211));
#379=EDGE_LOOP('',(#2212,#2213,#2214,#2215));
#380=EDGE_LOOP('',(#2216,#2217,#2218,#2219));
#381=EDGE_LOOP('',(#2220,#2221,#2222,#2223));
#382=EDGE_LOOP('',(#2224,#2225,#2226,#2227));
#383=EDGE_LOOP('',(#2228,#2229,#2230,#2231));
#384=EDGE_LOOP('',(#2232,#2233,#2234,#2235));
#385=EDGE_LOOP('',(#2236,#2237,#2238,#2239));
#386=EDGE_LOOP('',(#2240,#2241,#2242,#2243));
#387=EDGE_LOOP('',(#2244,#2245,#2246,#2247,#2248));
#388=EDGE_LOOP('',(#2249,#2250,#2251,#2252));
#389=EDGE_LOOP('',(#2253,#2254,#2255,#2256,#2257));
#390=EDGE_LOOP('',(#2258,#2259,#2260,#2261,#2262));
#391=EDGE_LOOP('',(#2263,#2264,#2265,#2266,#2267,#2268,#2269));
#392=EDGE_LOOP('',(#2270,#2271,#2272,#2273));
#393=EDGE_LOOP('',(#2274,#2275,#2276,#2277,#2278));
#394=EDGE_LOOP('',(#2279,#2280,#2281,#2282));
#395=EDGE_LOOP('',(#2283,#2284,#2285,#2286));
#396=EDGE_LOOP('',(#2287,#2288,#2289,#2290));
#397=EDGE_LOOP('',(#2291,#2292,#2293,#2294,#2295));
#398=EDGE_LOOP('',(#2296,#2297,#2298,#2299));
#399=EDGE_LOOP('',(#2300,#2301,#2302,#2303));
#400=EDGE_LOOP('',(#2304,#2305,#2306,#2307));
#401=EDGE_LOOP('',(#2308,#2309,#2310,#2311));
#402=EDGE_LOOP('',(#2312,#2313,#2314,#2315,#2316,#2317,#2318,#2319));
#403=EDGE_LOOP('',(#2320,#2321,#2322,#2323,#2324,#2325));
#404=EDGE_LOOP('',(#2326,#2327,#2328,#2329,#2330,#2331));
#405=EDGE_LOOP('',(#2332,#2333,#2334,#2335,#2336,#2337,#2338,#2339));
#406=EDGE_LOOP('',(#2340,#2341,#2342,#2343));
#407=EDGE_LOOP('',(#2344,#2345,#2346,#2347,#2348,#2349,#2350,#2351));
#408=EDGE_LOOP('',(#2352));
#409=EDGE_LOOP('',(#2353,#2354,#2355,#2356));
#410=EDGE_LOOP('',(#2357,#2358,#2359,#2360));
#411=EDGE_LOOP('',(#2361,#2362,#2363,#2364));
#412=EDGE_LOOP('',(#2365,#2366,#2367,#2368));
#413=EDGE_LOOP('',(#2369,#2370,#2371,#2372));
#414=EDGE_LOOP('',(#2373,#2374,#2375,#2376));
#415=EDGE_LOOP('',(#2377,#2378,#2379,#2380));
#416=EDGE_LOOP('',(#2381,#2382,#2383,#2384,#2385,#2386,#2387,#2388));
#417=EDGE_LOOP('',(#2389,#2390,#2391,#2392));
#418=EDGE_LOOP('',(#2393,#2394,#2395,#2396));
#419=EDGE_LOOP('',(#2397));
#420=EDGE_LOOP('',(#2398,#2399,#2400,#2401));
#421=EDGE_LOOP('',(#2402,#2403,#2404,#2405));
#422=EDGE_LOOP('',(#2406,#2407,#2408,#2409,#2410,#2411,#2412));
#423=EDGE_LOOP('',(#2413,#2414,#2415,#2416));
#424=EDGE_LOOP('',(#2417,#2418,#2419,#2420));
#425=EDGE_LOOP('',(#2421,#2422,#2423,#2424,#2425));
#426=EDGE_LOOP('',(#2426,#2427,#2428,#2429,#2430,#2431,#2432,#2433,#2434,
#2435));
#427=EDGE_LOOP('',(#2436,#2437,#2438,#2439));
#428=EDGE_LOOP('',(#2440,#2441,#2442,#2443));
#429=EDGE_LOOP('',(#2444,#2445,#2446,#2447,#2448,#2449,#2450,#2451,#2452,
#2453));
#430=EDGE_LOOP('',(#2454,#2455,#2456,#2457,#2458,#2459,#2460));
#431=EDGE_LOOP('',(#2461,#2462,#2463,#2464));
#432=EDGE_LOOP('',(#2465,#2466,#2467,#2468,#2469,#2470,#2471,#2472,#2473));
#433=EDGE_LOOP('',(#2474,#2475,#2476,#2477,#2478,#2479,#2480,#2481,#2482));
#434=EDGE_LOOP('',(#2483,#2484,#2485,#2486));
#435=EDGE_LOOP('',(#2487,#2488,#2489,#2490));
#436=EDGE_LOOP('',(#2491,#2492,#2493,#2494,#2495,#2496,#2497,#2498,#2499,
#2500,#2501,#2502));
#437=EDGE_LOOP('',(#2503,#2504,#2505,#2506));
#438=EDGE_LOOP('',(#2507,#2508,#2509,#2510));
#439=EDGE_LOOP('',(#2511,#2512,#2513,#2514));
#440=EDGE_LOOP('',(#2515,#2516,#2517,#2518));
#441=EDGE_LOOP('',(#2519,#2520,#2521,#2522,#2523,#2524,#2525,#2526,#2527,
#2528,#2529,#2530,#2531,#2532,#2533,#2534));
#442=EDGE_LOOP('',(#2535,#2536,#2537,#2538,#2539));
#443=EDGE_LOOP('',(#2540,#2541,#2542,#2543));
#444=EDGE_LOOP('',(#2544,#2545,#2546,#2547));
#445=EDGE_LOOP('',(#2548,#2549,#2550,#2551));
#446=EDGE_LOOP('',(#2552,#2553,#2554,#2555,#2556,#2557,#2558,#2559,#2560));
#447=EDGE_LOOP('',(#2561,#2562,#2563,#2564));
#448=EDGE_LOOP('',(#2565,#2566,#2567,#2568));
#449=EDGE_LOOP('',(#2569,#2570,#2571,#2572,#2573,#2574));
#450=EDGE_LOOP('',(#2575,#2576,#2577,#2578));
#451=EDGE_LOOP('',(#2579,#2580,#2581,#2582));
#452=EDGE_LOOP('',(#2583,#2584,#2585,#2586));
#453=EDGE_LOOP('',(#2587,#2588,#2589,#2590,#2591,#2592,#2593,#2594,#2595));
#454=EDGE_LOOP('',(#2596,#2597,#2598,#2599));
#455=EDGE_LOOP('',(#2600,#2601,#2602,#2603,#2604));
#456=EDGE_LOOP('',(#2605,#2606,#2607,#2608));
#457=EDGE_LOOP('',(#2609,#2610,#2611,#2612));
#458=EDGE_LOOP('',(#2613,#2614,#2615,#2616));
#459=EDGE_LOOP('',(#2617,#2618,#2619,#2620));
#460=EDGE_LOOP('',(#2621,#2622,#2623,#2624));
#461=EDGE_LOOP('',(#2625,#2626,#2627,#2628));
#462=EDGE_LOOP('',(#2629,#2630,#2631,#2632));
#463=EDGE_LOOP('',(#2633,#2634,#2635));
#464=EDGE_LOOP('',(#2636,#2637,#2638,#2639));
#465=EDGE_LOOP('',(#2640,#2641,#2642,#2643));
#466=EDGE_LOOP('',(#2644,#2645,#2646));
#467=EDGE_LOOP('',(#2647,#2648,#2649,#2650));
#468=EDGE_LOOP('',(#2651,#2652,#2653,#2654));
#469=EDGE_LOOP('',(#2655,#2656,#2657));
#470=EDGE_LOOP('',(#2658,#2659,#2660,#2661));
#471=EDGE_LOOP('',(#2662,#2663,#2664));
#472=EDGE_LOOP('',(#2665,#2666,#2667,#2668));
#473=EDGE_LOOP('',(#2669,#2670,#2671,#2672));
#474=EDGE_LOOP('',(#2673,#2674,#2675,#2676));
#475=EDGE_LOOP('',(#2677,#2678,#2679,#2680));
#476=EDGE_LOOP('',(#2681,#2682,#2683,#2684));
#477=EDGE_LOOP('',(#2685,#2686,#2687));
#478=EDGE_LOOP('',(#2688,#2689,#2690,#2691));
#479=EDGE_LOOP('',(#2692,#2693,#2694,#2695));
#480=EDGE_LOOP('',(#2696,#2697,#2698,#2699));
#481=EDGE_LOOP('',(#2700,#2701,#2702,#2703));
#482=EDGE_LOOP('',(#2704,#2705,#2706,#2707));
#483=EDGE_LOOP('',(#2708,#2709,#2710,#2711));
#484=EDGE_LOOP('',(#2712,#2713,#2714,#2715));
#485=EDGE_LOOP('',(#2716,#2717,#2718,#2719));
#486=EDGE_LOOP('',(#2720,#2721,#2722,#2723,#2724,#2725,#2726,#2727,#2728,
#2729,#2730,#2731,#2732,#2733));
#487=EDGE_LOOP('',(#2734,#2735,#2736,#2737));
#488=EDGE_LOOP('',(#2738,#2739,#2740,#2741));
#489=EDGE_LOOP('',(#2742,#2743,#2744,#2745,#2746,#2747));
#490=EDGE_LOOP('',(#2748,#2749,#2750,#2751,#2752,#2753,#2754,#2755,#2756));
#491=EDGE_LOOP('',(#2757,#2758,#2759,#2760));
#492=EDGE_LOOP('',(#2761,#2762,#2763,#2764));
#493=EDGE_LOOP('',(#2765,#2766,#2767,#2768));
#494=EDGE_LOOP('',(#2769,#2770,#2771,#2772));
#495=EDGE_LOOP('',(#2773,#2774,#2775,#2776));
#496=EDGE_LOOP('',(#2777,#2778,#2779,#2780));
#497=EDGE_LOOP('',(#2781,#2782,#2783,#2784));
#498=EDGE_LOOP('',(#2785,#2786,#2787,#2788));
#499=EDGE_LOOP('',(#2789,#2790,#2791,#2792));
#500=EDGE_LOOP('',(#2793,#2794,#2795,#2796));
#501=EDGE_LOOP('',(#2797,#2798,#2799,#2800));
#502=EDGE_LOOP('',(#2801,#2802,#2803,#2804));
#503=EDGE_LOOP('',(#2805,#2806,#2807,#2808));
#504=EDGE_LOOP('',(#2809,#2810,#2811,#2812));
#505=EDGE_LOOP('',(#2813,#2814,#2815,#2816));
#506=EDGE_LOOP('',(#2817,#2818,#2819,#2820));
#507=EDGE_LOOP('',(#2821,#2822,#2823,#2824));
#508=EDGE_LOOP('',(#2825,#2826,#2827,#2828));
#509=LINE('',#4247,#829);
#510=LINE('',#4253,#830);
#511=LINE('',#4257,#831);
#512=LINE('',#4259,#832);
#513=LINE('',#4260,#833);
#514=LINE('',#4266,#834);
#515=LINE('',#4270,#835);
#516=LINE('',#4273,#836);
#517=LINE('',#4275,#837);
#518=LINE('',#4277,#838);
#519=LINE('',#4279,#839);
#520=LINE('',#4280,#840);
#521=LINE('',#4284,#841);
#522=LINE('',#4289,#842);
#523=LINE('',#4294,#843);
#524=LINE('',#4297,#844);
#525=LINE('',#4299,#845);
#526=LINE('',#4301,#846);
#527=LINE('',#4303,#847);
#528=LINE('',#4305,#848);
#529=LINE('',#4309,#849);
#530=LINE('',#4310,#850);
#531=LINE('',#4315,#851);
#532=LINE('',#4318,#852);
#533=LINE('',#4320,#853);
#534=LINE('',#4321,#854);
#535=LINE('',#4324,#855);
#536=LINE('',#4326,#856);
#537=LINE('',#4328,#857);
#538=LINE('',#4329,#858);
#539=LINE('',#4335,#859);
#540=LINE('',#4338,#860);
#541=LINE('',#4341,#861);
#542=LINE('',#4343,#862);
#543=LINE('',#4345,#863);
#544=LINE('',#4346,#864);
#545=LINE('',#4348,#865);
#546=LINE('',#4350,#866);
#547=LINE('',#4352,#867);
#548=LINE('',#4354,#868);
#549=LINE('',#4355,#869);
#550=LINE('',#4358,#870);
#551=LINE('',#4359,#871);
#552=LINE('',#4365,#872);
#553=LINE('',#4368,#873);
#554=LINE('',#4379,#874);
#555=LINE('',#4380,#875);
#556=LINE('',#4391,#876);
#557=LINE('',#4392,#877);
#558=LINE('',#4403,#878);
#559=LINE('',#4404,#879);
#560=LINE('',#4407,#880);
#561=LINE('',#4408,#881);
#562=LINE('',#4410,#882);
#563=LINE('',#4412,#883);
#564=LINE('',#4413,#884);
#565=LINE('',#4416,#885);
#566=LINE('',#4418,#886);
#567=LINE('',#4419,#887);
#568=LINE('',#4422,#888);
#569=LINE('',#4423,#889);
#570=LINE('',#4429,#890);
#571=LINE('',#4432,#891);
#572=LINE('',#4443,#892);
#573=LINE('',#4444,#893);
#574=LINE('',#4455,#894);
#575=LINE('',#4456,#895);
#576=LINE('',#4467,#896);
#577=LINE('',#4468,#897);
#578=LINE('',#4471,#898);
#579=LINE('',#4473,#899);
#580=LINE('',#4475,#900);
#581=LINE('',#4477,#901);
#582=LINE('',#4479,#902);
#583=LINE('',#4481,#903);
#584=LINE('',#4483,#904);
#585=LINE('',#4485,#905);
#586=LINE('',#4487,#906);
#587=LINE('',#4489,#907);
#588=LINE('',#4491,#908);
#589=LINE('',#4492,#909);
#590=LINE('',#4495,#910);
#591=LINE('',#4499,#911);
#592=LINE('',#4500,#912);
#593=LINE('',#4503,#913);
#594=LINE('',#4507,#914);
#595=LINE('',#4508,#915);
#596=LINE('',#4511,#916);
#597=LINE('',#4515,#917);
#598=LINE('',#4516,#918);
#599=LINE('',#4519,#919);
#600=LINE('',#4521,#920);
#601=LINE('',#4523,#921);
#602=LINE('',#4527,#922);
#603=LINE('',#4529,#923);
#604=LINE('',#4531,#924);
#605=LINE('',#4533,#925);
#606=LINE('',#4535,#926);
#607=LINE('',#4537,#927);
#608=LINE('',#4539,#928);
#609=LINE('',#4541,#929);
#610=LINE('',#4543,#930);
#611=LINE('',#4544,#931);
#612=LINE('',#4547,#932);
#613=LINE('',#4550,#933);
#614=LINE('',#4561,#934);
#615=LINE('',#4562,#935);
#616=LINE('',#4573,#936);
#617=LINE('',#4574,#937);
#618=LINE('',#4583,#938);
#619=LINE('',#4585,#939);
#620=LINE('',#4588,#940);
#621=LINE('',#4589,#941);
#622=LINE('',#4592,#942);
#623=LINE('',#4595,#943);
#624=LINE('',#4598,#944);
#625=LINE('',#4599,#945);
#626=LINE('',#4605,#946);
#627=LINE('',#4608,#947);
#628=LINE('',#4611,#948);
#629=LINE('',#4613,#949);
#630=LINE('',#4614,#950);
#631=LINE('',#4617,#951);
#632=LINE('',#4620,#952);
#633=LINE('',#4623,#953);
#634=LINE('',#4624,#954);
#635=LINE('',#4627,#955);
#636=LINE('',#4628,#956);
#637=LINE('',#4631,#957);
#638=LINE('',#4632,#958);
#639=LINE('',#4635,#959);
#640=LINE('',#4637,#960);
#641=LINE('',#4640,#961);
#642=LINE('',#4642,#962);
#643=LINE('',#4644,#963);
#644=LINE('',#4645,#964);
#645=LINE('',#4648,#965);
#646=LINE('',#4649,#966);
#647=LINE('',#4652,#967);
#648=LINE('',#4654,#968);
#649=LINE('',#4655,#969);
#650=LINE('',#4657,#970);
#651=LINE('',#4658,#971);
#652=LINE('',#4661,#972);
#653=LINE('',#4662,#973);
#654=LINE('',#4664,#974);
#655=LINE('',#4666,#975);
#656=LINE('',#4669,#976);
#657=LINE('',#4670,#977);
#658=LINE('',#4673,#978);
#659=LINE('',#4674,#979);
#660=LINE('',#4676,#980);
#661=LINE('',#4678,#981);
#662=LINE('',#4681,#982);
#663=LINE('',#4682,#983);
#664=LINE('',#4685,#984);
#665=LINE('',#4686,#985);
#666=LINE('',#4688,#986);
#667=LINE('',#4695,#987);
#668=LINE('',#4698,#988);
#669=LINE('',#4701,#989);
#670=LINE('',#4705,#990);
#671=LINE('',#4709,#991);
#672=LINE('',#4712,#992);
#673=LINE('',#4717,#993);
#674=LINE('',#4718,#994);
#675=LINE('',#4722,#995);
#676=LINE('',#4727,#996);
#677=LINE('',#4728,#997);
#678=LINE('',#4731,#998);
#679=LINE('',#4732,#999);
#680=LINE('',#4736,#1000);
#681=LINE('',#4738,#1001);
#682=LINE('',#4740,#1002);
#683=LINE('',#4744,#1003);
#684=LINE('',#4749,#1004);
#685=LINE('',#4751,#1005);
#686=LINE('',#4753,#1006);
#687=LINE('',#4754,#1007);
#688=LINE('',#4758,#1008);
#689=LINE('',#4760,#1009);
#690=LINE('',#4762,#1010);
#691=LINE('',#4763,#1011);
#692=LINE('',#4766,#1012);
#693=LINE('',#4768,#1013);
#694=LINE('',#4770,#1014);
#695=LINE('',#4771,#1015);
#696=LINE('',#4774,#1016);
#697=LINE('',#4776,#1017);
#698=LINE('',#4777,#1018);
#699=LINE('',#4778,#1019);
#700=LINE('',#4781,#1020);
#701=LINE('',#4782,#1021);
#702=LINE('',#4785,#1022);
#703=LINE('',#4786,#1023);
#704=LINE('',#4789,#1024);
#705=LINE('',#4790,#1025);
#706=LINE('',#4794,#1026);
#707=LINE('',#4796,#1027);
#708=LINE('',#4798,#1028);
#709=LINE('',#4800,#1029);
#710=LINE('',#4801,#1030);
#711=LINE('',#4802,#1031);
#712=LINE('',#4804,#1032);
#713=LINE('',#4805,#1033);
#714=LINE('',#4807,#1034);
#715=LINE('',#4809,#1035);
#716=LINE('',#4810,#1036);
#717=LINE('',#4812,#1037);
#718=LINE('',#4813,#1038);
#719=LINE('',#4815,#1039);
#720=LINE('',#4819,#1040);
#721=LINE('',#4825,#1041);
#722=LINE('',#4828,#1042);
#723=LINE('',#4831,#1043);
#724=LINE('',#4833,#1044);
#725=LINE('',#4834,#1045);
#726=LINE('',#4836,#1046);
#727=LINE('',#4837,#1047);
#728=LINE('',#4840,#1048);
#729=LINE('',#4843,#1049);
#730=LINE('',#4847,#1050);
#731=LINE('',#4851,#1051);
#732=LINE('',#4853,#1052);
#733=LINE('',#4855,#1053);
#734=LINE('',#4857,#1054);
#735=LINE('',#4862,#1055);
#736=LINE('',#4865,#1056);
#737=LINE('',#4867,#1057);
#738=LINE('',#4875,#1058);
#739=LINE('',#4878,#1059);
#740=LINE('',#4880,#1060);
#741=LINE('',#4883,#1061);
#742=LINE('',#4884,#1062);
#743=LINE('',#4886,#1063);
#744=LINE('',#4891,#1064);
#745=LINE('',#4893,#1065);
#746=LINE('',#4895,#1066);
#747=LINE('',#4896,#1067);
#748=LINE('',#4899,#1068);
#749=LINE('',#4901,#1069);
#750=LINE('',#4902,#1070);
#751=LINE('',#4905,#1071);
#752=LINE('',#4906,#1072);
#753=LINE('',#4909,#1073);
#754=LINE('',#4910,#1074);
#755=LINE('',#4912,#1075);
#756=LINE('',#4919,#1076);
#757=LINE('',#4922,#1077);
#758=LINE('',#5010,#1078);
#759=LINE('',#5013,#1079);
#760=LINE('',#5016,#1080);
#761=LINE('',#5017,#1081);
#762=LINE('',#5029,#1082);
#763=LINE('',#5030,#1083);
#764=LINE('',#5035,#1084);
#765=LINE('',#5036,#1085);
#766=LINE('',#5048,#1086);
#767=LINE('',#5049,#1087);
#768=LINE('',#5061,#1088);
#769=LINE('',#5062,#1089);
#770=LINE('',#5064,#1090);
#771=LINE('',#5065,#1091);
#772=LINE('',#5079,#1092);
#773=LINE('',#5080,#1093);
#774=LINE('',#5082,#1094);
#775=LINE('',#5083,#1095);
#776=LINE('',#5091,#1096);
#777=LINE('',#5093,#1097);
#778=LINE('',#5094,#1098);
#779=LINE('',#5096,#1099);
#780=LINE('',#5097,#1100);
#781=LINE('',#5102,#1101);
#782=LINE('',#5103,#1102);
#783=LINE('',#5106,#1103);
#784=LINE('',#5107,#1104);
#785=LINE('',#5109,#1105);
#786=LINE('',#5111,#1106);
#787=LINE('',#5113,#1107);
#788=LINE('',#5115,#1108);
#789=LINE('',#5117,#1109);
#790=LINE('',#5118,#1110);
#791=LINE('',#5121,#1111);
#792=LINE('',#5123,#1112);
#793=LINE('',#5128,#1113);
#794=LINE('',#5130,#1114);
#795=LINE('',#5132,#1115);
#796=LINE('',#5133,#1116);
#797=LINE('',#5136,#1117);
#798=LINE('',#5138,#1118);
#799=LINE('',#5139,#1119);
#800=LINE('',#5142,#1120);
#801=LINE('',#5144,#1121);
#802=LINE('',#5145,#1122);
#803=LINE('',#5147,#1123);
#804=LINE('',#5148,#1124);
#805=LINE('',#5154,#1125);
#806=LINE('',#5156,#1126);
#807=LINE('',#5158,#1127);
#808=LINE('',#5159,#1128);
#809=LINE('',#5162,#1129);
#810=LINE('',#5164,#1130);
#811=LINE('',#5165,#1131);
#812=LINE('',#5168,#1132);
#813=LINE('',#5170,#1133);
#814=LINE('',#5171,#1134);
#815=LINE('',#5173,#1135);
#816=LINE('',#5174,#1136);
#817=LINE('',#5180,#1137);
#818=LINE('',#5182,#1138);
#819=LINE('',#5184,#1139);
#820=LINE('',#5185,#1140);
#821=LINE('',#5188,#1141);
#822=LINE('',#5190,#1142);
#823=LINE('',#5191,#1143);
#824=LINE('',#5194,#1144);
#825=LINE('',#5196,#1145);
#826=LINE('',#5197,#1146);
#827=LINE('',#5199,#1147);
#828=LINE('',#5200,#1148);
#829=VECTOR('',#3359,10.);
#830=VECTOR('',#3364,10.);
#831=VECTOR('',#3369,10.);
#832=VECTOR('',#3370,10.);
#833=VECTOR('',#3371,10.);
#834=VECTOR('',#3376,10.);
#835=VECTOR('',#3379,10.);
#836=VECTOR('',#3384,10.);
#837=VECTOR('',#3385,10.);
#838=VECTOR('',#3386,10.);
#839=VECTOR('',#3387,10.);
#840=VECTOR('',#3388,10.);
#841=VECTOR('',#3393,10.);
#842=VECTOR('',#3398,10.);
#843=VECTOR('',#3403,10.);
#844=VECTOR('',#3406,10.);
#845=VECTOR('',#3407,10.);
#846=VECTOR('',#3408,10.);
#847=VECTOR('',#3409,10.);
#848=VECTOR('',#3410,10.);
#849=VECTOR('',#3415,10.);
#850=VECTOR('',#3416,10.);
#851=VECTOR('',#3421,10.);
#852=VECTOR('',#3424,10.);
#853=VECTOR('',#3427,10.);
#854=VECTOR('',#3428,10.);
#855=VECTOR('',#3431,10.);
#856=VECTOR('',#3432,10.);
#857=VECTOR('',#3433,10.);
#858=VECTOR('',#3434,10.);
#859=VECTOR('',#3439,10.);
#860=VECTOR('',#3442,10.);
#861=VECTOR('',#3445,10.);
#862=VECTOR('',#3446,10.);
#863=VECTOR('',#3447,10.);
#864=VECTOR('',#3448,10.);
#865=VECTOR('',#3449,10.);
#866=VECTOR('',#3450,10.);
#867=VECTOR('',#3451,10.);
#868=VECTOR('',#3452,10.);
#869=VECTOR('',#3453,10.);
#870=VECTOR('',#3456,10.);
#871=VECTOR('',#3457,10.);
#872=VECTOR('',#3462,10.);
#873=VECTOR('',#3465,10.);
#874=VECTOR('',#3478,10.);
#875=VECTOR('',#3479,10.);
#876=VECTOR('',#3492,10.);
#877=VECTOR('',#3493,10.);
#878=VECTOR('',#3506,10.);
#879=VECTOR('',#3507,10.);
#880=VECTOR('',#3510,10.);
#881=VECTOR('',#3511,10.);
#882=VECTOR('',#3512,10.);
#883=VECTOR('',#3513,10.);
#884=VECTOR('',#3514,10.);
#885=VECTOR('',#3517,10.);
#886=VECTOR('',#3518,10.);
#887=VECTOR('',#3519,10.);
#888=VECTOR('',#3522,10.);
#889=VECTOR('',#3523,10.);
#890=VECTOR('',#3528,10.);
#891=VECTOR('',#3531,10.);
#892=VECTOR('',#3544,10.);
#893=VECTOR('',#3545,10.);
#894=VECTOR('',#3558,10.);
#895=VECTOR('',#3559,10.);
#896=VECTOR('',#3572,10.);
#897=VECTOR('',#3573,10.);
#898=VECTOR('',#3576,10.);
#899=VECTOR('',#3577,10.);
#900=VECTOR('',#3578,10.);
#901=VECTOR('',#3579,10.);
#902=VECTOR('',#3580,10.);
#903=VECTOR('',#3581,10.);
#904=VECTOR('',#3582,10.);
#905=VECTOR('',#3583,10.);
#906=VECTOR('',#3584,10.);
#907=VECTOR('',#3585,10.);
#908=VECTOR('',#3586,10.);
#909=VECTOR('',#3587,10.);
#910=VECTOR('',#3590,10.);
#911=VECTOR('',#3595,10.);
#912=VECTOR('',#3596,10.);
#913=VECTOR('',#3599,10.);
#914=VECTOR('',#3604,10.);
#915=VECTOR('',#3605,10.);
#916=VECTOR('',#3608,10.);
#917=VECTOR('',#3613,10.);
#918=VECTOR('',#3614,10.);
#919=VECTOR('',#3617,10.);
#920=VECTOR('',#3618,10.);
#921=VECTOR('',#3619,10.);
#922=VECTOR('',#3622,10.);
#923=VECTOR('',#3623,10.);
#924=VECTOR('',#3624,10.);
#925=VECTOR('',#3625,10.);
#926=VECTOR('',#3626,10.);
#927=VECTOR('',#3627,10.);
#928=VECTOR('',#3628,10.);
#929=VECTOR('',#3629,10.);
#930=VECTOR('',#3630,10.);
#931=VECTOR('',#3631,10.);
#932=VECTOR('',#3634,10.);
#933=VECTOR('',#3637,10.);
#934=VECTOR('',#3650,10.);
#935=VECTOR('',#3651,10.);
#936=VECTOR('',#3664,10.);
#937=VECTOR('',#3665,10.);
#938=VECTOR('',#3678,10.);
#939=VECTOR('',#3681,10.);
#940=VECTOR('',#3684,10.);
#941=VECTOR('',#3685,10.);
#942=VECTOR('',#3688,10.);
#943=VECTOR('',#3691,10.);
#944=VECTOR('',#3694,10.);
#945=VECTOR('',#3695,10.);
#946=VECTOR('',#3700,10.);
#947=VECTOR('',#3703,10.);
#948=VECTOR('',#3706,10.);
#949=VECTOR('',#3707,10.);
#950=VECTOR('',#3708,10.);
#951=VECTOR('',#3711,10.);
#952=VECTOR('',#3714,10.);
#953=VECTOR('',#3717,10.);
#954=VECTOR('',#3718,10.);
#955=VECTOR('',#3721,10.);
#956=VECTOR('',#3722,10.);
#957=VECTOR('',#3725,10.);
#958=VECTOR('',#3726,10.);
#959=VECTOR('',#3731,10.);
#960=VECTOR('',#3734,10.);
#961=VECTOR('',#3737,10.);
#962=VECTOR('',#3738,10.);
#963=VECTOR('',#3739,10.);
#964=VECTOR('',#3740,10.);
#965=VECTOR('',#3743,10.);
#966=VECTOR('',#3744,10.);
#967=VECTOR('',#3747,10.);
#968=VECTOR('',#3748,10.);
#969=VECTOR('',#3749,10.);
#970=VECTOR('',#3752,10.);
#971=VECTOR('',#3753,10.);
#972=VECTOR('',#3756,10.);
#973=VECTOR('',#3757,10.);
#974=VECTOR('',#3760,10.);
#975=VECTOR('',#3763,10.);
#976=VECTOR('',#3766,10.);
#977=VECTOR('',#3767,10.);
#978=VECTOR('',#3770,10.);
#979=VECTOR('',#3771,10.);
#980=VECTOR('',#3774,10.);
#981=VECTOR('',#3777,10.);
#982=VECTOR('',#3780,10.);
#983=VECTOR('',#3781,10.);
#984=VECTOR('',#3784,10.);
#985=VECTOR('',#3785,10.);
#986=VECTOR('',#3788,10.);
#987=VECTOR('',#3795,10.);
#988=VECTOR('',#3798,10.);
#989=VECTOR('',#3801,10.);
#990=VECTOR('',#3804,10.);
#991=VECTOR('',#3807,10.);
#992=VECTOR('',#3810,10.);
#993=VECTOR('',#3815,10.);
#994=VECTOR('',#3816,10.);
#995=VECTOR('',#3821,10.);
#996=VECTOR('',#3826,10.);
#997=VECTOR('',#3827,10.);
#998=VECTOR('',#3830,10.);
#999=VECTOR('',#3831,10.);
#1000=VECTOR('',#3836,10.);
#1001=VECTOR('',#3839,10.);
#1002=VECTOR('',#3842,10.);
#1003=VECTOR('',#3847,3.7762957080914);
#1004=VECTOR('',#3852,10.);
#1005=VECTOR('',#3853,10.);
#1006=VECTOR('',#3854,10.);
#1007=VECTOR('',#3855,10.);
#1008=VECTOR('',#3858,10.);
#1009=VECTOR('',#3859,10.);
#1010=VECTOR('',#3860,10.);
#1011=VECTOR('',#3861,10.);
#1012=VECTOR('',#3864,10.);
#1013=VECTOR('',#3865,10.);
#1014=VECTOR('',#3866,10.);
#1015=VECTOR('',#3867,10.);
#1016=VECTOR('',#3870,10.);
#1017=VECTOR('',#3871,10.);
#1018=VECTOR('',#3872,10.);
#1019=VECTOR('',#3873,10.);
#1020=VECTOR('',#3876,10.);
#1021=VECTOR('',#3877,10.);
#1022=VECTOR('',#3880,10.);
#1023=VECTOR('',#3881,10.);
#1024=VECTOR('',#3884,10.);
#1025=VECTOR('',#3885,10.);
#1026=VECTOR('',#3888,10.);
#1027=VECTOR('',#3889,10.);
#1028=VECTOR('',#3890,10.);
#1029=VECTOR('',#3891,10.);
#1030=VECTOR('',#3892,10.);
#1031=VECTOR('',#3893,10.);
#1032=VECTOR('',#3896,10.);
#1033=VECTOR('',#3897,10.);
#1034=VECTOR('',#3900,10.);
#1035=VECTOR('',#3903,10.);
#1036=VECTOR('',#3904,10.);
#1037=VECTOR('',#3905,10.);
#1038=VECTOR('',#3906,10.);
#1039=VECTOR('',#3909,10.);
#1040=VECTOR('',#3916,10.);
#1041=VECTOR('',#3921,10.);
#1042=VECTOR('',#3924,10.);
#1043=VECTOR('',#3927,10.);
#1044=VECTOR('',#3928,10.);
#1045=VECTOR('',#3929,10.);
#1046=VECTOR('',#3932,10.);
#1047=VECTOR('',#3933,10.);
#1048=VECTOR('',#3936,10.);
#1049=VECTOR('',#3939,10.);
#1050=VECTOR('',#3944,10.);
#1051=VECTOR('',#3949,10.);
#1052=VECTOR('',#3952,10.);
#1053=VECTOR('',#3955,10.);
#1054=VECTOR('',#3958,10.);
#1055=VECTOR('',#3965,10.);
#1056=VECTOR('',#3970,10.);
#1057=VECTOR('',#3973,10.);
#1058=VECTOR('',#3986,10.);
#1059=VECTOR('',#3989,10.);
#1060=VECTOR('',#3992,10.);
#1061=VECTOR('',#3995,10.);
#1062=VECTOR('',#3996,10.);
#1063=VECTOR('',#3999,10.);
#1064=VECTOR('',#4004,10.);
#1065=VECTOR('',#4005,10.);
#1066=VECTOR('',#4006,10.);
#1067=VECTOR('',#4007,10.);
#1068=VECTOR('',#4010,10.);
#1069=VECTOR('',#4011,10.);
#1070=VECTOR('',#4012,10.);
#1071=VECTOR('',#4015,10.);
#1072=VECTOR('',#4016,10.);
#1073=VECTOR('',#4019,10.);
#1074=VECTOR('',#4020,10.);
#1075=VECTOR('',#4023,10.);
#1076=VECTOR('',#4030,10.);
#1077=VECTOR('',#4033,10.);
#1078=VECTOR('',#4036,10.);
#1079=VECTOR('',#4039,10.);
#1080=VECTOR('',#4042,10.);
#1081=VECTOR('',#4043,10.);
#1082=VECTOR('',#4056,10.);
#1083=VECTOR('',#4057,10.);
#1084=VECTOR('',#4062,10.);
#1085=VECTOR('',#4063,10.);
#1086=VECTOR('',#4076,10.);
#1087=VECTOR('',#4077,10.);
#1088=VECTOR('',#4090,10.);
#1089=VECTOR('',#4091,10.);
#1090=VECTOR('',#4094,10.);
#1091=VECTOR('',#4095,10.);
#1092=VECTOR('',#4110,10.);
#1093=VECTOR('',#4111,10.);
#1094=VECTOR('',#4114,10.);
#1095=VECTOR('',#4115,10.);
#1096=VECTOR('',#4126,10.);
#1097=VECTOR('',#4129,10.);
#1098=VECTOR('',#4130,10.);
#1099=VECTOR('',#4133,10.);
#1100=VECTOR('',#4134,10.);
#1101=VECTOR('',#4139,10.);
#1102=VECTOR('',#4140,10.);
#1103=VECTOR('',#4143,10.);
#1104=VECTOR('',#4144,10.);
#1105=VECTOR('',#4147,10.);
#1106=VECTOR('',#4150,10.);
#1107=VECTOR('',#4153,10.);
#1108=VECTOR('',#4156,10.);
#1109=VECTOR('',#4157,10.);
#1110=VECTOR('',#4158,10.);
#1111=VECTOR('',#4163,10.);
#1112=VECTOR('',#4166,10.);
#1113=VECTOR('',#4171,10.);
#1114=VECTOR('',#4172,10.);
#1115=VECTOR('',#4173,10.);
#1116=VECTOR('',#4174,10.);
#1117=VECTOR('',#4177,10.);
#1118=VECTOR('',#4178,10.);
#1119=VECTOR('',#4179,10.);
#1120=VECTOR('',#4182,10.);
#1121=VECTOR('',#4183,10.);
#1122=VECTOR('',#4184,10.);
#1123=VECTOR('',#4187,10.);
#1124=VECTOR('',#4188,10.);
#1125=VECTOR('',#4195,10.);
#1126=VECTOR('',#4196,10.);
#1127=VECTOR('',#4197,10.);
#1128=VECTOR('',#4198,10.);
#1129=VECTOR('',#4201,10.);
#1130=VECTOR('',#4202,10.);
#1131=VECTOR('',#4203,10.);
#1132=VECTOR('',#4206,10.);
#1133=VECTOR('',#4207,10.);
#1134=VECTOR('',#4208,10.);
#1135=VECTOR('',#4211,10.);
#1136=VECTOR('',#4212,10.);
#1137=VECTOR('',#4219,10.);
#1138=VECTOR('',#4220,10.);
#1139=VECTOR('',#4221,10.);
#1140=VECTOR('',#4222,10.);
#1141=VECTOR('',#4225,10.);
#1142=VECTOR('',#4226,10.);
#1143=VECTOR('',#4227,10.);
#1144=VECTOR('',#4230,10.);
#1145=VECTOR('',#4231,10.);
#1146=VECTOR('',#4232,10.);
#1147=VECTOR('',#4235,10.);
#1148=VECTOR('',#4236,10.);
#1149=CIRCLE('',#3071,2.);
#1150=CIRCLE('',#3072,2.);
#1151=CIRCLE('',#3073,2.);
#1152=CIRCLE('',#3074,2.);
#1153=CIRCLE('',#3077,2.);
#1154=CIRCLE('',#3078,2.);
#1155=CIRCLE('',#3079,2.);
#1156=CIRCLE('',#3082,2.);
#1157=CIRCLE('',#3084,2.);
#1158=CIRCLE('',#3085,2.);
#1159=CIRCLE('',#3086,2.);
#1160=CIRCLE('',#3088,2.);
#1161=CIRCLE('',#3091,2.);
#1162=CIRCLE('',#3092,2.);
#1163=CIRCLE('',#3096,19.);
#1164=CIRCLE('',#3097,19.);
#1165=CIRCLE('',#3101,2.);
#1166=CIRCLE('',#3102,2.);
#1167=CIRCLE('',#3104,2.);
#1168=CIRCLE('',#3105,20.);
#1169=CIRCLE('',#3106,18.);
#1170=CIRCLE('',#3108,2.);
#1171=CIRCLE('',#3110,2.);
#1172=CIRCLE('',#3111,2.);
#1173=CIRCLE('',#3112,4.);
#1174=CIRCLE('',#3114,2.);
#1175=CIRCLE('',#3116,2.);
#1176=CIRCLE('',#3117,20.);
#1177=CIRCLE('',#3118,18.);
#1178=CIRCLE('',#3120,2.);
#1179=CIRCLE('',#3125,2.);
#1180=CIRCLE('',#3126,1.99999999999999);
#1181=CIRCLE('',#3128,1.99999999999999);
#1182=CIRCLE('',#3129,20.);
#1183=CIRCLE('',#3130,18.);
#1184=CIRCLE('',#3132,1.99999999999999);
#1185=CIRCLE('',#3134,1.99999999999999);
#1186=CIRCLE('',#3135,2.);
#1187=CIRCLE('',#3136,4.);
#1188=CIRCLE('',#3138,1.99999999999999);
#1189=CIRCLE('',#3140,1.99999999999999);
#1190=CIRCLE('',#3141,20.);
#1191=CIRCLE('',#3142,18.);
#1192=CIRCLE('',#3144,2.);
#1193=CIRCLE('',#3147,20.);
#1194=CIRCLE('',#3150,2.);
#1195=CIRCLE('',#3153,20.);
#1196=CIRCLE('',#3156,2.);
#1197=CIRCLE('',#3158,2.00000000000003);
#1198=CIRCLE('',#3160,1.99999999999999);
#1199=CIRCLE('',#3161,20.);
#1200=CIRCLE('',#3162,18.);
#1201=CIRCLE('',#3164,2.00000000000003);
#1202=CIRCLE('',#3166,1.99999999999999);
#1203=CIRCLE('',#3167,2.);
#1204=CIRCLE('',#3168,4.);
#1205=CIRCLE('',#3170,2.00000000000003);
#1206=CIRCLE('',#3172,1.99999999999999);
#1207=CIRCLE('',#3173,20.);
#1208=CIRCLE('',#3174,18.);
#1209=CIRCLE('',#3176,2.);
#1210=CIRCLE('',#3180,2.);
#1211=CIRCLE('',#3183,2.);
#1212=CIRCLE('',#3184,2.);
#1213=CIRCLE('',#3187,2.);
#1214=CIRCLE('',#3210,5.);
#1215=CIRCLE('',#3211,5.);
#1216=CIRCLE('',#3213,5.);
#1217=CIRCLE('',#3214,5.);
#1218=CIRCLE('',#3215,5.);
#1219=CIRCLE('',#3216,3.7762957080914);
#1220=CIRCLE('',#3219,5.);
#1221=CIRCLE('',#3221,5.);
#1222=CIRCLE('',#3224,5.);
#1223=CIRCLE('',#3229,3.7762957080914);
#1224=CIRCLE('',#3246,20.);
#1225=CIRCLE('',#3247,20.);
#1226=CIRCLE('',#3250,20.);
#1227=CIRCLE('',#3251,20.);
#1228=CIRCLE('',#3253,20.);
#1229=CIRCLE('',#3255,20.);
#1230=CIRCLE('',#3260,20.);
#1231=CIRCLE('',#3262,20.);
#1232=CIRCLE('',#3269,20.);
#1233=CIRCLE('',#3271,20.);
#1234=CIRCLE('',#3283,2.);
#1235=CIRCLE('',#3284,1.99999999999999);
#1236=CIRCLE('',#3286,1.99999999999999);
#1237=CIRCLE('',#3289,1.99999999999999);
#1238=CIRCLE('',#3290,1.99999999999999);
#1239=CIRCLE('',#3291,1.99999999999999);
#1240=CIRCLE('',#3293,2.);
#1241=CIRCLE('',#3295,2.);
#1242=CIRCLE('',#3297,1.99999999999999);
#1243=CIRCLE('',#3298,1.99999999999999);
#1244=CIRCLE('',#3299,1.99999999999999);
#1245=CIRCLE('',#3301,2.);
#1246=CIRCLE('',#3303,2.);
#1247=CIRCLE('',#3304,1.99999999999999);
#1248=CIRCLE('',#3305,1.99999999999999);
#1249=CIRCLE('',#3307,2.);
#1250=CIRCLE('',#3310,1.99999999999999);
#1251=CIRCLE('',#3311,2.);
#1252=CIRCLE('',#3312,1.99999999999999);
#1253=CIRCLE('',#3313,4.);
#1254=CIRCLE('',#3315,2.);
#1255=CIRCLE('',#3318,1.99999999999999);
#1256=CIRCLE('',#3319,1.99999999999999);
#1257=CIRCLE('',#3321,2.);
#1258=CIRCLE('',#3325,2.);
#1259=VERTEX_POINT('',#4243);
#1260=VERTEX_POINT('',#4244);
#1261=VERTEX_POINT('',#4246);
#1262=VERTEX_POINT('',#4248);
#1263=VERTEX_POINT('',#4250);
#1264=VERTEX_POINT('',#4252);
#1265=VERTEX_POINT('',#4256);
#1266=VERTEX_POINT('',#4258);
#1267=VERTEX_POINT('',#4262);
#1268=VERTEX_POINT('',#4263);
#1269=VERTEX_POINT('',#4265);
#1270=VERTEX_POINT('',#4267);
#1271=VERTEX_POINT('',#4269);
#1272=VERTEX_POINT('',#4274);
#1273=VERTEX_POINT('',#4276);
#1274=VERTEX_POINT('',#4278);
#1275=VERTEX_POINT('',#4282);
#1276=VERTEX_POINT('',#4286);
#1277=VERTEX_POINT('',#4288);
#1278=VERTEX_POINT('',#4290);
#1279=VERTEX_POINT('',#4292);
#1280=VERTEX_POINT('',#4296);
#1281=VERTEX_POINT('',#4298);
#1282=VERTEX_POINT('',#4300);
#1283=VERTEX_POINT('',#4302);
#1284=VERTEX_POINT('',#4304);
#1285=VERTEX_POINT('',#4308);
#1286=VERTEX_POINT('',#4312);
#1287=VERTEX_POINT('',#4314);
#1288=VERTEX_POINT('',#4316);
#1289=VERTEX_POINT('',#4323);
#1290=VERTEX_POINT('',#4325);
#1291=VERTEX_POINT('',#4327);
#1292=VERTEX_POINT('',#4331);
#1293=VERTEX_POINT('',#4332);
#1294=VERTEX_POINT('',#4334);
#1295=VERTEX_POINT('',#4336);
#1296=VERTEX_POINT('',#4340);
#1297=VERTEX_POINT('',#4342);
#1298=VERTEX_POINT('',#4344);
#1299=VERTEX_POINT('',#4347);
#1300=VERTEX_POINT('',#4349);
#1301=VERTEX_POINT('',#4351);
#1302=VERTEX_POINT('',#4353);
#1303=VERTEX_POINT('',#4357);
#1304=VERTEX_POINT('',#4361);
#1305=VERTEX_POINT('',#4362);
#1306=VERTEX_POINT('',#4364);
#1307=VERTEX_POINT('',#4366);
#1308=VERTEX_POINT('',#4370);
#1309=VERTEX_POINT('',#4371);
#1310=VERTEX_POINT('',#4376);
#1311=VERTEX_POINT('',#4377);
#1312=VERTEX_POINT('',#4382);
#1313=VERTEX_POINT('',#4383);
#1314=VERTEX_POINT('',#4388);
#1315=VERTEX_POINT('',#4389);
#1316=VERTEX_POINT('',#4394);
#1317=VERTEX_POINT('',#4395);
#1318=VERTEX_POINT('',#4400);
#1319=VERTEX_POINT('',#4401);
#1320=VERTEX_POINT('',#4406);
#1321=VERTEX_POINT('',#4409);
#1322=VERTEX_POINT('',#4411);
#1323=VERTEX_POINT('',#4415);
#1324=VERTEX_POINT('',#4417);
#1325=VERTEX_POINT('',#4421);
#1326=VERTEX_POINT('',#4425);
#1327=VERTEX_POINT('',#4426);
#1328=VERTEX_POINT('',#4428);
#1329=VERTEX_POINT('',#4430);
#1330=VERTEX_POINT('',#4434);
#1331=VERTEX_POINT('',#4435);
#1332=VERTEX_POINT('',#4440);
#1333=VERTEX_POINT('',#4441);
#1334=VERTEX_POINT('',#4446);
#1335=VERTEX_POINT('',#4447);
#1336=VERTEX_POINT('',#4452);
#1337=VERTEX_POINT('',#4453);
#1338=VERTEX_POINT('',#4458);
#1339=VERTEX_POINT('',#4459);
#1340=VERTEX_POINT('',#4464);
#1341=VERTEX_POINT('',#4465);
#1342=VERTEX_POINT('',#4470);
#1343=VERTEX_POINT('',#4472);
#1344=VERTEX_POINT('',#4474);
#1345=VERTEX_POINT('',#4476);
#1346=VERTEX_POINT('',#4478);
#1347=VERTEX_POINT('',#4480);
#1348=VERTEX_POINT('',#4482);
#1349=VERTEX_POINT('',#4484);
#1350=VERTEX_POINT('',#4486);
#1351=VERTEX_POINT('',#4488);
#1352=VERTEX_POINT('',#4490);
#1353=VERTEX_POINT('',#4494);
#1354=VERTEX_POINT('',#4498);
#1355=VERTEX_POINT('',#4502);
#1356=VERTEX_POINT('',#4506);
#1357=VERTEX_POINT('',#4510);
#1358=VERTEX_POINT('',#4514);
#1359=VERTEX_POINT('',#4518);
#1360=VERTEX_POINT('',#4520);
#1361=VERTEX_POINT('',#4522);
#1362=VERTEX_POINT('',#4524);
#1363=VERTEX_POINT('',#4526);
#1364=VERTEX_POINT('',#4528);
#1365=VERTEX_POINT('',#4530);
#1366=VERTEX_POINT('',#4532);
#1367=VERTEX_POINT('',#4534);
#1368=VERTEX_POINT('',#4536);
#1369=VERTEX_POINT('',#4538);
#1370=VERTEX_POINT('',#4540);
#1371=VERTEX_POINT('',#4542);
#1372=VERTEX_POINT('',#4546);
#1373=VERTEX_POINT('',#4548);
#1374=VERTEX_POINT('',#4552);
#1375=VERTEX_POINT('',#4553);
#1376=VERTEX_POINT('',#4558);
#1377=VERTEX_POINT('',#4559);
#1378=VERTEX_POINT('',#4564);
#1379=VERTEX_POINT('',#4565);
#1380=VERTEX_POINT('',#4570);
#1381=VERTEX_POINT('',#4571);
#1382=VERTEX_POINT('',#4576);
#1383=VERTEX_POINT('',#4581);
#1384=VERTEX_POINT('',#4587);
#1385=VERTEX_POINT('',#4591);
#1386=VERTEX_POINT('',#4593);
#1387=VERTEX_POINT('',#4597);
#1388=VERTEX_POINT('',#4601);
#1389=VERTEX_POINT('',#4602);
#1390=VERTEX_POINT('',#4604);
#1391=VERTEX_POINT('',#4606);
#1392=VERTEX_POINT('',#4610);
#1393=VERTEX_POINT('',#4612);
#1394=VERTEX_POINT('',#4616);
#1395=VERTEX_POINT('',#4618);
#1396=VERTEX_POINT('',#4622);
#1397=VERTEX_POINT('',#4626);
#1398=VERTEX_POINT('',#4630);
#1399=VERTEX_POINT('',#4639);
#1400=VERTEX_POINT('',#4641);
#1401=VERTEX_POINT('',#4643);
#1402=VERTEX_POINT('',#4647);
#1403=VERTEX_POINT('',#4651);
#1404=VERTEX_POINT('',#4653);
#1405=VERTEX_POINT('',#4660);
#1406=VERTEX_POINT('',#4668);
#1407=VERTEX_POINT('',#4672);
#1408=VERTEX_POINT('',#4680);
#1409=VERTEX_POINT('',#4684);
#1410=VERTEX_POINT('',#4691);
#1411=VERTEX_POINT('',#4692);
#1412=VERTEX_POINT('',#4694);
#1413=VERTEX_POINT('',#4696);
#1414=VERTEX_POINT('',#4700);
#1415=VERTEX_POINT('',#4702);
#1416=VERTEX_POINT('',#4704);
#1417=VERTEX_POINT('',#4706);
#1418=VERTEX_POINT('',#4708);
#1419=VERTEX_POINT('',#4710);
#1420=VERTEX_POINT('',#4713);
#1421=VERTEX_POINT('',#4716);
#1422=VERTEX_POINT('',#4720);
#1423=VERTEX_POINT('',#4724);
#1424=VERTEX_POINT('',#4725);
#1425=VERTEX_POINT('',#4730);
#1426=VERTEX_POINT('',#4734);
#1427=VERTEX_POINT('',#4743);
#1428=VERTEX_POINT('',#4747);
#1429=VERTEX_POINT('',#4748);
#1430=VERTEX_POINT('',#4750);
#1431=VERTEX_POINT('',#4752);
#1432=VERTEX_POINT('',#4756);
#1433=VERTEX_POINT('',#4757);
#1434=VERTEX_POINT('',#4759);
#1435=VERTEX_POINT('',#4761);
#1436=VERTEX_POINT('',#4765);
#1437=VERTEX_POINT('',#4767);
#1438=VERTEX_POINT('',#4769);
#1439=VERTEX_POINT('',#4773);
#1440=VERTEX_POINT('',#4775);
#1441=VERTEX_POINT('',#4780);
#1442=VERTEX_POINT('',#4784);
#1443=VERTEX_POINT('',#4788);
#1444=VERTEX_POINT('',#4792);
#1445=VERTEX_POINT('',#4793);
#1446=VERTEX_POINT('',#4795);
#1447=VERTEX_POINT('',#4797);
#1448=VERTEX_POINT('',#4799);
#1449=VERTEX_POINT('',#4811);
#1450=VERTEX_POINT('',#4821);
#1451=VERTEX_POINT('',#4822);
#1452=VERTEX_POINT('',#4824);
#1453=VERTEX_POINT('',#4826);
#1454=VERTEX_POINT('',#4830);
#1455=VERTEX_POINT('',#4832);
#1456=VERTEX_POINT('',#4838);
#1457=VERTEX_POINT('',#4841);
#1458=VERTEX_POINT('',#4845);
#1459=VERTEX_POINT('',#4849);
#1460=VERTEX_POINT('',#4861);
#1461=VERTEX_POINT('',#4874);
#1462=VERTEX_POINT('',#4876);
#1463=VERTEX_POINT('',#4882);
#1464=VERTEX_POINT('',#4889);
#1465=VERTEX_POINT('',#4890);
#1466=VERTEX_POINT('',#4892);
#1467=VERTEX_POINT('',#4894);
#1468=VERTEX_POINT('',#4898);
#1469=VERTEX_POINT('',#4900);
#1470=VERTEX_POINT('',#4904);
#1471=VERTEX_POINT('',#4908);
#1472=VERTEX_POINT('',#4915);
#1473=VERTEX_POINT('',#4916);
#1474=VERTEX_POINT('',#4918);
#1475=VERTEX_POINT('',#4920);
#1476=VERTEX_POINT('',#4983);
#1477=VERTEX_POINT('',#5009);
#1478=VERTEX_POINT('',#5011);
#1479=VERTEX_POINT('',#5015);
#1480=VERTEX_POINT('',#5019);
#1481=VERTEX_POINT('',#5020);
#1482=VERTEX_POINT('',#5022);
#1483=VERTEX_POINT('',#5026);
#1484=VERTEX_POINT('',#5027);
#1485=VERTEX_POINT('',#5032);
#1486=VERTEX_POINT('',#5033);
#1487=VERTEX_POINT('',#5038);
#1488=VERTEX_POINT('',#5039);
#1489=VERTEX_POINT('',#5041);
#1490=VERTEX_POINT('',#5045);
#1491=VERTEX_POINT('',#5046);
#1492=VERTEX_POINT('',#5051);
#1493=VERTEX_POINT('',#5052);
#1494=VERTEX_POINT('',#5054);
#1495=VERTEX_POINT('',#5058);
#1496=VERTEX_POINT('',#5059);
#1497=VERTEX_POINT('',#5067);
#1498=VERTEX_POINT('',#5068);
#1499=VERTEX_POINT('',#5070);
#1500=VERTEX_POINT('',#5072);
#1501=VERTEX_POINT('',#5076);
#1502=VERTEX_POINT('',#5077);
#1503=VERTEX_POINT('',#5085);
#1504=VERTEX_POINT('',#5089);
#1505=VERTEX_POINT('',#5099);
#1506=VERTEX_POINT('',#5100);
#1507=VERTEX_POINT('',#5105);
#1508=VERTEX_POINT('',#5116);
#1509=VERTEX_POINT('',#5126);
#1510=VERTEX_POINT('',#5127);
#1511=VERTEX_POINT('',#5129);
#1512=VERTEX_POINT('',#5131);
#1513=VERTEX_POINT('',#5135);
#1514=VERTEX_POINT('',#5137);
#1515=VERTEX_POINT('',#5141);
#1516=VERTEX_POINT('',#5143);
#1517=VERTEX_POINT('',#5152);
#1518=VERTEX_POINT('',#5153);
#1519=VERTEX_POINT('',#5155);
#1520=VERTEX_POINT('',#5157);
#1521=VERTEX_POINT('',#5161);
#1522=VERTEX_POINT('',#5163);
#1523=VERTEX_POINT('',#5167);
#1524=VERTEX_POINT('',#5169);
#1525=VERTEX_POINT('',#5178);
#1526=VERTEX_POINT('',#5179);
#1527=VERTEX_POINT('',#5181);
#1528=VERTEX_POINT('',#5183);
#1529=VERTEX_POINT('',#5187);
#1530=VERTEX_POINT('',#5189);
#1531=VERTEX_POINT('',#5193);
#1532=VERTEX_POINT('',#5195);
#1533=EDGE_CURVE('',#1259,#1260,#1149,.T.);
#1534=EDGE_CURVE('',#1259,#1261,#509,.T.);
#1535=EDGE_CURVE('',#1262,#1261,#1150,.T.);
#1536=EDGE_CURVE('',#1263,#1262,#1151,.F.);
#1537=EDGE_CURVE('',#1263,#1264,#510,.T.);
#1538=EDGE_CURVE('',#1264,#1260,#1152,.T.);
#1539=EDGE_CURVE('',#1265,#1263,#511,.T.);
#1540=EDGE_CURVE('',#1266,#1265,#512,.T.);
#1541=EDGE_CURVE('',#1264,#1266,#513,.T.);
#1542=EDGE_CURVE('',#1267,#1268,#1153,.T.);
#1543=EDGE_CURVE('',#1268,#1269,#514,.T.);
#1544=EDGE_CURVE('',#1269,#1270,#1154,.F.);
#1545=EDGE_CURVE('',#1270,#1271,#515,.T.);
#1546=EDGE_CURVE('',#1271,#1267,#1155,.F.);
#1547=EDGE_CURVE('',#1260,#1268,#516,.T.);
#1548=EDGE_CURVE('',#1272,#1260,#517,.T.);
#1549=EDGE_CURVE('',#1273,#1272,#518,.T.);
#1550=EDGE_CURVE('',#1274,#1273,#519,.T.);
#1551=EDGE_CURVE('',#1269,#1274,#520,.T.);
#1552=EDGE_CURVE('',#1275,#1267,#1156,.F.);
#1553=EDGE_CURVE('',#1275,#1259,#521,.T.);
#1554=EDGE_CURVE('',#1267,#1276,#1157,.F.);
#1555=EDGE_CURVE('',#1276,#1277,#522,.T.);
#1556=EDGE_CURVE('',#1277,#1278,#1158,.T.);
#1557=EDGE_CURVE('',#1279,#1278,#1159,.T.);
#1558=EDGE_CURVE('',#1279,#1275,#523,.T.);
#1559=EDGE_CURVE('',#1280,#1277,#524,.T.);
#1560=EDGE_CURVE('',#1281,#1280,#525,.T.);
#1561=EDGE_CURVE('',#1281,#1282,#526,.T.);
#1562=EDGE_CURVE('',#1282,#1283,#527,.T.);
#1563=EDGE_CURVE('',#1283,#1284,#528,.T.);
#1564=EDGE_CURVE('',#1284,#1278,#1160,.T.);
#1565=EDGE_CURVE('',#1285,#1276,#529,.T.);
#1566=EDGE_CURVE('',#1280,#1285,#530,.T.);
#1567=EDGE_CURVE('',#1286,#1278,#1161,.T.);
#1568=EDGE_CURVE('',#1284,#1287,#531,.T.);
#1569=EDGE_CURVE('',#1287,#1288,#1162,.F.);
#1570=EDGE_CURVE('',#1288,#1286,#532,.T.);
#1571=EDGE_CURVE('',#1279,#1261,#533,.T.);
#1572=EDGE_CURVE('',#1286,#1262,#534,.T.);
#1573=EDGE_CURVE('',#1289,#1288,#535,.T.);
#1574=EDGE_CURVE('',#1290,#1289,#536,.T.);
#1575=EDGE_CURVE('',#1291,#1290,#537,.T.);
#1576=EDGE_CURVE('',#1262,#1291,#538,.T.);
#1577=EDGE_CURVE('',#1292,#1293,#1163,.T.);
#1578=EDGE_CURVE('',#1293,#1294,#539,.T.);
#1579=EDGE_CURVE('',#1294,#1295,#1164,.T.);
#1580=EDGE_CURVE('',#1295,#1292,#540,.T.);
#1581=EDGE_CURVE('',#1294,#1296,#541,.T.);
#1582=EDGE_CURVE('',#1296,#1297,#542,.T.);
#1583=EDGE_CURVE('',#1297,#1298,#543,.T.);
#1584=EDGE_CURVE('',#1298,#1266,#544,.T.);
#1585=EDGE_CURVE('',#1265,#1299,#545,.T.);
#1586=EDGE_CURVE('',#1299,#1300,#546,.T.);
#1587=EDGE_CURVE('',#1300,#1301,#547,.T.);
#1588=EDGE_CURVE('',#1301,#1302,#548,.T.);
#1589=EDGE_CURVE('',#1302,#1295,#549,.T.);
#1590=EDGE_CURVE('',#1303,#1293,#550,.T.);
#1591=EDGE_CURVE('',#1296,#1303,#551,.T.);
#1592=EDGE_CURVE('',#1304,#1305,#1165,.T.);
#1593=EDGE_CURVE('',#1305,#1306,#552,.T.);
#1594=EDGE_CURVE('',#1306,#1307,#1166,.T.);
#1595=EDGE_CURVE('',#1307,#1304,#553,.T.);
#1596=EDGE_CURVE('',#1308,#1309,#1167,.T.);
#1597=EDGE_CURVE('',#1309,#1307,#1168,.T.);
#1598=EDGE_CURVE('',#1306,#1308,#1169,.T.);
#1599=EDGE_CURVE('',#1310,#1311,#1170,.T.);
#1600=EDGE_CURVE('',#1311,#1309,#554,.T.);
#1601=EDGE_CURVE('',#1308,#1310,#555,.T.);
#1602=EDGE_CURVE('',#1312,#1313,#1171,.T.);
#1603=EDGE_CURVE('',#1313,#1311,#1172,.T.);
#1604=EDGE_CURVE('',#1310,#1312,#1173,.T.);
#1605=EDGE_CURVE('',#1314,#1315,#1174,.T.);
#1606=EDGE_CURVE('',#1315,#1313,#556,.T.);
#1607=EDGE_CURVE('',#1312,#1314,#557,.T.);
#1608=EDGE_CURVE('',#1316,#1317,#1175,.T.);
#1609=EDGE_CURVE('',#1317,#1315,#1176,.T.);
#1610=EDGE_CURVE('',#1314,#1316,#1177,.T.);
#1611=EDGE_CURVE('',#1318,#1319,#1178,.T.);
#1612=EDGE_CURVE('',#1319,#1317,#558,.T.);
#1613=EDGE_CURVE('',#1316,#1318,#559,.T.);
#1614=EDGE_CURVE('',#1320,#1305,#560,.T.);
#1615=EDGE_CURVE('',#1320,#1318,#561,.T.);
#1616=EDGE_CURVE('',#1274,#1321,#562,.T.);
#1617=EDGE_CURVE('',#1321,#1322,#563,.T.);
#1618=EDGE_CURVE('',#1322,#1270,#564,.T.);
#1619=EDGE_CURVE('',#1304,#1323,#565,.T.);
#1620=EDGE_CURVE('',#1323,#1324,#566,.T.);
#1621=EDGE_CURVE('',#1324,#1320,#567,.T.);
#1622=EDGE_CURVE('',#1325,#1307,#568,.T.);
#1623=EDGE_CURVE('',#1325,#1323,#569,.T.);
#1624=EDGE_CURVE('',#1326,#1327,#1179,.T.);
#1625=EDGE_CURVE('',#1327,#1328,#570,.T.);
#1626=EDGE_CURVE('',#1328,#1329,#1180,.T.);
#1627=EDGE_CURVE('',#1329,#1326,#571,.T.);
#1628=EDGE_CURVE('',#1330,#1331,#1181,.T.);
#1629=EDGE_CURVE('',#1331,#1329,#1182,.T.);
#1630=EDGE_CURVE('',#1328,#1330,#1183,.T.);
#1631=EDGE_CURVE('',#1332,#1333,#1184,.T.);
#1632=EDGE_CURVE('',#1333,#1331,#572,.T.);
#1633=EDGE_CURVE('',#1330,#1332,#573,.T.);
#1634=EDGE_CURVE('',#1334,#1335,#1185,.T.);
#1635=EDGE_CURVE('',#1335,#1333,#1186,.T.);
#1636=EDGE_CURVE('',#1332,#1334,#1187,.T.);
#1637=EDGE_CURVE('',#1336,#1337,#1188,.T.);
#1638=EDGE_CURVE('',#1337,#1335,#574,.T.);
#1639=EDGE_CURVE('',#1334,#1336,#575,.T.);
#1640=EDGE_CURVE('',#1338,#1339,#1189,.T.);
#1641=EDGE_CURVE('',#1339,#1337,#1190,.T.);
#1642=EDGE_CURVE('',#1336,#1338,#1191,.T.);
#1643=EDGE_CURVE('',#1340,#1341,#1192,.T.);
#1644=EDGE_CURVE('',#1341,#1339,#576,.T.);
#1645=EDGE_CURVE('',#1338,#1340,#577,.T.);
#1646=EDGE_CURVE('',#1342,#1329,#578,.T.);
#1647=EDGE_CURVE('',#1342,#1343,#579,.T.);
#1648=EDGE_CURVE('',#1343,#1344,#580,.T.);
#1649=EDGE_CURVE('',#1344,#1345,#581,.T.);
#1650=EDGE_CURVE('',#1345,#1346,#582,.T.);
#1651=EDGE_CURVE('',#1347,#1346,#583,.T.);
#1652=EDGE_CURVE('',#1347,#1348,#584,.T.);
#1653=EDGE_CURVE('',#1348,#1349,#585,.T.);
#1654=EDGE_CURVE('',#1349,#1350,#586,.T.);
#1655=EDGE_CURVE('',#1351,#1350,#587,.T.);
#1656=EDGE_CURVE('',#1352,#1351,#588,.T.);
#1657=EDGE_CURVE('',#1352,#1326,#589,.T.);
#1658=EDGE_CURVE('',#1331,#1353,#590,.T.);
#1659=EDGE_CURVE('',#1353,#1342,#1193,.T.);
#1660=EDGE_CURVE('',#1354,#1333,#591,.T.);
#1661=EDGE_CURVE('',#1353,#1354,#592,.T.);
#1662=EDGE_CURVE('',#1335,#1355,#593,.T.);
#1663=EDGE_CURVE('',#1355,#1354,#1194,.T.);
#1664=EDGE_CURVE('',#1356,#1337,#594,.T.);
#1665=EDGE_CURVE('',#1355,#1356,#595,.T.);
#1666=EDGE_CURVE('',#1339,#1357,#596,.T.);
#1667=EDGE_CURVE('',#1357,#1356,#1195,.T.);
#1668=EDGE_CURVE('',#1358,#1341,#597,.T.);
#1669=EDGE_CURVE('',#1358,#1357,#598,.T.);
#1670=EDGE_CURVE('',#1340,#1359,#599,.T.);
#1671=EDGE_CURVE('',#1359,#1360,#600,.T.);
#1672=EDGE_CURVE('',#1360,#1361,#601,.T.);
#1673=EDGE_CURVE('',#1362,#1361,#1196,.T.);
#1674=EDGE_CURVE('',#1362,#1363,#602,.T.);
#1675=EDGE_CURVE('',#1363,#1364,#603,.T.);
#1676=EDGE_CURVE('',#1365,#1364,#604,.T.);
#1677=EDGE_CURVE('',#1365,#1366,#605,.T.);
#1678=EDGE_CURVE('',#1366,#1367,#606,.T.);
#1679=EDGE_CURVE('',#1367,#1368,#607,.T.);
#1680=EDGE_CURVE('',#1368,#1369,#608,.T.);
#1681=EDGE_CURVE('',#1369,#1370,#609,.T.);
#1682=EDGE_CURVE('',#1371,#1370,#610,.T.);
#1683=EDGE_CURVE('',#1371,#1358,#611,.T.);
#1684=EDGE_CURVE('',#1361,#1372,#612,.T.);
#1685=EDGE_CURVE('',#1372,#1373,#1197,.T.);
#1686=EDGE_CURVE('',#1373,#1362,#613,.T.);
#1687=EDGE_CURVE('',#1374,#1375,#1198,.T.);
#1688=EDGE_CURVE('',#1375,#1373,#1199,.T.);
#1689=EDGE_CURVE('',#1372,#1374,#1200,.T.);
#1690=EDGE_CURVE('',#1376,#1377,#1201,.T.);
#1691=EDGE_CURVE('',#1377,#1375,#614,.T.);
#1692=EDGE_CURVE('',#1374,#1376,#615,.T.);
#1693=EDGE_CURVE('',#1378,#1379,#1202,.T.);
#1694=EDGE_CURVE('',#1379,#1377,#1203,.T.);
#1695=EDGE_CURVE('',#1376,#1378,#1204,.T.);
#1696=EDGE_CURVE('',#1380,#1381,#1205,.T.);
#1697=EDGE_CURVE('',#1381,#1379,#616,.T.);
#1698=EDGE_CURVE('',#1378,#1380,#617,.T.);
#1699=EDGE_CURVE('',#1382,#1351,#1206,.T.);
#1700=EDGE_CURVE('',#1351,#1381,#1207,.T.);
#1701=EDGE_CURVE('',#1380,#1382,#1208,.T.);
#1702=EDGE_CURVE('',#1383,#1352,#1209,.T.);
#1703=EDGE_CURVE('',#1382,#1383,#618,.T.);
#1704=EDGE_CURVE('',#1383,#1360,#619,.T.);
#1705=EDGE_CURVE('',#1384,#1373,#620,.T.);
#1706=EDGE_CURVE('',#1363,#1384,#621,.T.);
#1707=EDGE_CURVE('',#1313,#1385,#622,.T.);
#1708=EDGE_CURVE('',#1385,#1386,#1210,.T.);
#1709=EDGE_CURVE('',#1386,#1311,#623,.T.);
#1710=EDGE_CURVE('',#1387,#1386,#624,.T.);
#1711=EDGE_CURVE('',#1309,#1387,#625,.T.);
#1712=EDGE_CURVE('',#1388,#1389,#1211,.T.);
#1713=EDGE_CURVE('',#1389,#1390,#626,.T.);
#1714=EDGE_CURVE('',#1390,#1391,#1212,.T.);
#1715=EDGE_CURVE('',#1391,#1388,#627,.T.);
#1716=EDGE_CURVE('',#1392,#1389,#628,.T.);
#1717=EDGE_CURVE('',#1393,#1392,#629,.T.);
#1718=EDGE_CURVE('',#1390,#1393,#630,.T.);
#1719=EDGE_CURVE('',#1379,#1394,#631,.T.);
#1720=EDGE_CURVE('',#1394,#1395,#1213,.T.);
#1721=EDGE_CURVE('',#1395,#1377,#632,.T.);
#1722=EDGE_CURVE('',#1396,#1381,#633,.T.);
#1723=EDGE_CURVE('',#1394,#1396,#634,.T.);
#1724=EDGE_CURVE('',#1302,#1397,#635,.T.);
#1725=EDGE_CURVE('',#1292,#1397,#636,.T.);
#1726=EDGE_CURVE('',#1397,#1398,#637,.T.);
#1727=EDGE_CURVE('',#1398,#1303,#638,.T.);
#1728=EDGE_CURVE('',#1291,#1299,#639,.T.);
#1729=EDGE_CURVE('',#1272,#1298,#640,.T.);
#1730=EDGE_CURVE('',#1271,#1399,#641,.T.);
#1731=EDGE_CURVE('',#1399,#1400,#642,.T.);
#1732=EDGE_CURVE('',#1401,#1400,#643,.T.);
#1733=EDGE_CURVE('',#1285,#1401,#644,.T.);
#1734=EDGE_CURVE('',#1402,#1283,#645,.T.);
#1735=EDGE_CURVE('',#1287,#1402,#646,.T.);
#1736=EDGE_CURVE('',#1403,#1282,#647,.T.);
#1737=EDGE_CURVE('',#1403,#1404,#648,.T.);
#1738=EDGE_CURVE('',#1402,#1404,#649,.T.);
#1739=EDGE_CURVE('',#1403,#1290,#650,.T.);
#1740=EDGE_CURVE('',#1404,#1289,#651,.T.);
#1741=EDGE_CURVE('',#1405,#1273,#652,.T.);
#1742=EDGE_CURVE('',#1321,#1405,#653,.T.);
#1743=EDGE_CURVE('',#1399,#1322,#654,.T.);
#1744=EDGE_CURVE('',#1400,#1405,#655,.T.);
#1745=EDGE_CURVE('',#1406,#1405,#656,.T.);
#1746=EDGE_CURVE('',#1401,#1406,#657,.T.);
#1747=EDGE_CURVE('',#1407,#1281,#658,.T.);
#1748=EDGE_CURVE('',#1407,#1403,#659,.T.);
#1749=EDGE_CURVE('',#1290,#1300,#660,.T.);
#1750=EDGE_CURVE('',#1273,#1297,#661,.T.);
#1751=EDGE_CURVE('',#1406,#1408,#662,.T.);
#1752=EDGE_CURVE('',#1408,#1398,#663,.T.);
#1753=EDGE_CURVE('',#1408,#1409,#664,.T.);
#1754=EDGE_CURVE('',#1409,#1301,#665,.T.);
#1755=EDGE_CURVE('',#1409,#1407,#666,.T.);
#1756=EDGE_CURVE('',#1410,#1411,#1214,.T.);
#1757=EDGE_CURVE('',#1411,#1412,#667,.T.);
#1758=EDGE_CURVE('',#1412,#1413,#1215,.T.);
#1759=EDGE_CURVE('',#1413,#1410,#668,.T.);
#1760=EDGE_CURVE('',#1412,#1414,#669,.T.);
#1761=EDGE_CURVE('',#1415,#1414,#1216,.T.);
#1762=EDGE_CURVE('',#1415,#1416,#670,.T.);
#1763=EDGE_CURVE('',#1417,#1416,#1217,.T.);
#1764=EDGE_CURVE('',#1417,#1418,#671,.T.);
#1765=EDGE_CURVE('',#1419,#1418,#1218,.T.);
#1766=EDGE_CURVE('',#1419,#1413,#672,.T.);
#1767=EDGE_CURVE('',#1420,#1420,#1219,.T.);
#1768=EDGE_CURVE('',#1421,#1411,#673,.T.);
#1769=EDGE_CURVE('',#1414,#1421,#674,.T.);
#1770=EDGE_CURVE('',#1421,#1422,#1220,.T.);
#1771=EDGE_CURVE('',#1422,#1415,#675,.T.);
#1772=EDGE_CURVE('',#1423,#1424,#1221,.T.);
#1773=EDGE_CURVE('',#1424,#1419,#676,.T.);
#1774=EDGE_CURVE('',#1418,#1423,#677,.T.);
#1775=EDGE_CURVE('',#1425,#1417,#678,.T.);
#1776=EDGE_CURVE('',#1423,#1425,#679,.T.);
#1777=EDGE_CURVE('',#1426,#1425,#1222,.T.);
#1778=EDGE_CURVE('',#1416,#1426,#680,.T.);
#1779=EDGE_CURVE('',#1426,#1422,#681,.T.);
#1780=EDGE_CURVE('',#1410,#1424,#682,.T.);
#1781=EDGE_CURVE('',#1420,#1427,#683,.T.);
#1782=EDGE_CURVE('',#1427,#1427,#1223,.T.);
#1783=EDGE_CURVE('',#1428,#1429,#684,.T.);
#1784=EDGE_CURVE('',#1428,#1430,#685,.T.);
#1785=EDGE_CURVE('',#1430,#1431,#686,.T.);
#1786=EDGE_CURVE('',#1429,#1431,#687,.T.);
#1787=EDGE_CURVE('',#1432,#1433,#688,.T.);
#1788=EDGE_CURVE('',#1432,#1434,#689,.T.);
#1789=EDGE_CURVE('',#1435,#1434,#690,.T.);
#1790=EDGE_CURVE('',#1433,#1435,#691,.T.);
#1791=EDGE_CURVE('',#1434,#1436,#692,.T.);
#1792=EDGE_CURVE('',#1437,#1436,#693,.T.);
#1793=EDGE_CURVE('',#1438,#1437,#694,.T.);
#1794=EDGE_CURVE('',#1434,#1438,#695,.T.);
#1795=EDGE_CURVE('',#1432,#1439,#696,.T.);
#1796=EDGE_CURVE('',#1439,#1440,#697,.T.);
#1797=EDGE_CURVE('',#1431,#1440,#698,.T.);
#1798=EDGE_CURVE('',#1436,#1430,#699,.T.);
#1799=EDGE_CURVE('',#1433,#1441,#700,.T.);
#1800=EDGE_CURVE('',#1441,#1439,#701,.T.);
#1801=EDGE_CURVE('',#1442,#1435,#702,.T.);
#1802=EDGE_CURVE('',#1442,#1441,#703,.T.);
#1803=EDGE_CURVE('',#1438,#1443,#704,.T.);
#1804=EDGE_CURVE('',#1443,#1442,#705,.T.);
#1805=EDGE_CURVE('',#1444,#1445,#706,.T.);
#1806=EDGE_CURVE('',#1446,#1444,#707,.T.);
#1807=EDGE_CURVE('',#1447,#1446,#708,.T.);
#1808=EDGE_CURVE('',#1448,#1447,#709,.T.);
#1809=EDGE_CURVE('',#1440,#1448,#710,.T.);
#1810=EDGE_CURVE('',#1445,#1443,#711,.T.);
#1811=EDGE_CURVE('',#1447,#1369,#712,.T.);
#1812=EDGE_CURVE('',#1448,#1368,#713,.T.);
#1813=EDGE_CURVE('',#1370,#1446,#714,.T.);
#1814=EDGE_CURVE('',#1345,#1429,#715,.T.);
#1815=EDGE_CURVE('',#1343,#1371,#716,.T.);
#1816=EDGE_CURVE('',#1444,#1449,#717,.T.);
#1817=EDGE_CURVE('',#1449,#1428,#718,.T.);
#1818=EDGE_CURVE('',#1437,#1445,#719,.T.);
#1819=EDGE_CURVE('',#1327,#1359,#720,.T.);
#1820=EDGE_CURVE('',#1450,#1451,#1224,.T.);
#1821=EDGE_CURVE('',#1451,#1452,#721,.T.);
#1822=EDGE_CURVE('',#1452,#1453,#1225,.T.);
#1823=EDGE_CURVE('',#1453,#1450,#722,.T.);
#1824=EDGE_CURVE('',#1454,#1453,#723,.T.);
#1825=EDGE_CURVE('',#1455,#1454,#724,.T.);
#1826=EDGE_CURVE('',#1450,#1455,#725,.T.);
#1827=EDGE_CURVE('',#1452,#1366,#726,.T.);
#1828=EDGE_CURVE('',#1348,#1365,#727,.T.);
#1829=EDGE_CURVE('',#1456,#1347,#1226,.T.);
#1830=EDGE_CURVE('',#1456,#1391,#728,.T.);
#1831=EDGE_CURVE('',#1457,#1393,#1227,.T.);
#1832=EDGE_CURVE('',#1457,#1454,#729,.T.);
#1833=EDGE_CURVE('',#1392,#1458,#1228,.T.);
#1834=EDGE_CURVE('',#1458,#1457,#730,.T.);
#1835=EDGE_CURVE('',#1346,#1459,#1229,.T.);
#1836=EDGE_CURVE('',#1459,#1456,#731,.T.);
#1837=EDGE_CURVE('',#1388,#1459,#732,.T.);
#1838=EDGE_CURVE('',#1455,#1458,#733,.T.);
#1839=EDGE_CURVE('',#1451,#1367,#734,.T.);
#1840=EDGE_CURVE('',#1350,#1396,#1230,.T.);
#1841=EDGE_CURVE('',#1375,#1460,#735,.T.);
#1842=EDGE_CURVE('',#1460,#1384,#1231,.T.);
#1843=EDGE_CURVE('',#1460,#1395,#736,.T.);
#1844=EDGE_CURVE('',#1364,#1349,#737,.T.);
#1845=EDGE_CURVE('',#1387,#1325,#1232,.T.);
#1846=EDGE_CURVE('',#1317,#1461,#738,.T.);
#1847=EDGE_CURVE('',#1461,#1462,#1233,.T.);
#1848=EDGE_CURVE('',#1462,#1315,#739,.T.);
#1849=EDGE_CURVE('',#1385,#1462,#740,.T.);
#1850=EDGE_CURVE('',#1463,#1461,#741,.T.);
#1851=EDGE_CURVE('',#1463,#1324,#742,.T.);
#1852=EDGE_CURVE('',#1319,#1463,#743,.T.);
#1853=EDGE_CURVE('',#1464,#1465,#744,.T.);
#1854=EDGE_CURVE('',#1465,#1466,#745,.T.);
#1855=EDGE_CURVE('',#1466,#1467,#746,.T.);
#1856=EDGE_CURVE('',#1467,#1464,#747,.T.);
#1857=EDGE_CURVE('',#1468,#1465,#748,.T.);
#1858=EDGE_CURVE('',#1469,#1468,#749,.T.);
#1859=EDGE_CURVE('',#1466,#1469,#750,.T.);
#1860=EDGE_CURVE('',#1470,#1469,#751,.T.);
#1861=EDGE_CURVE('',#1467,#1470,#752,.T.);
#1862=EDGE_CURVE('',#1471,#1470,#753,.T.);
#1863=EDGE_CURVE('',#1464,#1471,#754,.T.);
#1864=EDGE_CURVE('',#1468,#1471,#755,.T.);
#1865=EDGE_CURVE('',#1472,#1473,#1234,.T.);
#1866=EDGE_CURVE('',#1473,#1474,#756,.T.);
#1867=EDGE_CURVE('',#1474,#1475,#1235,.T.);
#1868=EDGE_CURVE('',#1475,#1472,#757,.T.);
#1869=EDGE_CURVE('',#1474,#1476,#17,.T.);
#1870=EDGE_CURVE('',#1476,#1475,#18,.T.);
#1871=EDGE_CURVE('',#1474,#1477,#758,.T.);
#1872=EDGE_CURVE('',#1477,#1478,#1236,.F.);
#1873=EDGE_CURVE('',#1478,#1476,#759,.T.);
#1874=EDGE_CURVE('',#1473,#1479,#760,.T.);
#1875=EDGE_CURVE('',#1477,#1479,#761,.T.);
#1876=EDGE_CURVE('',#1480,#1481,#1237,.F.);
#1877=EDGE_CURVE('',#1482,#1480,#1238,.F.);
#1878=EDGE_CURVE('',#1481,#1482,#1239,.F.);
#1879=EDGE_CURVE('',#1483,#1484,#1240,.T.);
#1880=EDGE_CURVE('',#1484,#1482,#762,.T.);
#1881=EDGE_CURVE('',#1480,#1483,#763,.T.);
#1882=EDGE_CURVE('',#1485,#1486,#1241,.T.);
#1883=EDGE_CURVE('',#1486,#1481,#764,.T.);
#1884=EDGE_CURVE('',#1482,#1485,#765,.T.);
#1885=EDGE_CURVE('',#1487,#1488,#1242,.F.);
#1886=EDGE_CURVE('',#1489,#1487,#1243,.F.);
#1887=EDGE_CURVE('',#1488,#1489,#1244,.F.);
#1888=EDGE_CURVE('',#1490,#1491,#1245,.T.);
#1889=EDGE_CURVE('',#1491,#1489,#766,.T.);
#1890=EDGE_CURVE('',#1487,#1490,#767,.T.);
#1891=EDGE_CURVE('',#1492,#1493,#1246,.F.);
#1892=EDGE_CURVE('',#1494,#1492,#1247,.F.);
#1893=EDGE_CURVE('',#1493,#1494,#1248,.F.);
#1894=EDGE_CURVE('',#1495,#1496,#1249,.T.);
#1895=EDGE_CURVE('',#1496,#1494,#768,.T.);
#1896=EDGE_CURVE('',#1492,#1495,#769,.T.);
#1897=EDGE_CURVE('',#1481,#1493,#770,.T.);
#1898=EDGE_CURVE('',#1494,#1480,#771,.T.);
#1899=EDGE_CURVE('',#1497,#1498,#1250,.T.);
#1900=EDGE_CURVE('',#1499,#1497,#1251,.F.);
#1901=EDGE_CURVE('',#1500,#1499,#1252,.T.);
#1902=EDGE_CURVE('',#1500,#1498,#1253,.T.);
#1903=EDGE_CURVE('',#1501,#1502,#1254,.T.);
#1904=EDGE_CURVE('',#1502,#1499,#772,.T.);
#1905=EDGE_CURVE('',#1497,#1501,#773,.T.);
#1906=EDGE_CURVE('',#1493,#1500,#774,.T.);
#1907=EDGE_CURVE('',#1499,#1492,#775,.T.);
#1908=EDGE_CURVE('',#1503,#1477,#1255,.F.);
#1909=EDGE_CURVE('',#1478,#1503,#1256,.F.);
#1910=EDGE_CURVE('',#1479,#1504,#1257,.T.);
#1911=EDGE_CURVE('',#1504,#1503,#776,.T.);
#1912=EDGE_CURVE('',#1498,#1478,#777,.T.);
#1913=EDGE_CURVE('',#1503,#1497,#778,.T.);
#1914=EDGE_CURVE('',#1476,#1488,#779,.T.);
#1915=EDGE_CURVE('',#1489,#1475,#780,.T.);
#1916=EDGE_CURVE('',#1505,#1506,#1258,.T.);
#1917=EDGE_CURVE('',#1506,#1487,#781,.T.);
#1918=EDGE_CURVE('',#1488,#1505,#782,.T.);
#1919=EDGE_CURVE('',#1484,#1507,#783,.T.);
#1920=EDGE_CURVE('',#1507,#1485,#784,.T.);
#1921=EDGE_CURVE('',#1483,#1496,#785,.T.);
#1922=EDGE_CURVE('',#1502,#1495,#786,.T.);
#1923=EDGE_CURVE('',#1504,#1501,#787,.T.);
#1924=EDGE_CURVE('',#1491,#1472,#788,.T.);
#1925=EDGE_CURVE('',#1508,#1490,#789,.T.);
#1926=EDGE_CURVE('',#1507,#1508,#790,.T.);
#1927=EDGE_CURVE('',#1508,#1506,#791,.T.);
#1928=EDGE_CURVE('',#1486,#1505,#792,.T.);
#1929=EDGE_CURVE('',#1509,#1510,#793,.T.);
#1930=EDGE_CURVE('',#1509,#1511,#794,.T.);
#1931=EDGE_CURVE('',#1512,#1511,#795,.T.);
#1932=EDGE_CURVE('',#1510,#1512,#796,.T.);
#1933=EDGE_CURVE('',#1510,#1513,#797,.T.);
#1934=EDGE_CURVE('',#1514,#1512,#798,.T.);
#1935=EDGE_CURVE('',#1513,#1514,#799,.T.);
#1936=EDGE_CURVE('',#1513,#1515,#800,.T.);
#1937=EDGE_CURVE('',#1516,#1514,#801,.T.);
#1938=EDGE_CURVE('',#1515,#1516,#802,.T.);
#1939=EDGE_CURVE('',#1515,#1509,#803,.T.);
#1940=EDGE_CURVE('',#1511,#1516,#804,.T.);
#1941=EDGE_CURVE('',#1517,#1518,#805,.T.);
#1942=EDGE_CURVE('',#1517,#1519,#806,.T.);
#1943=EDGE_CURVE('',#1520,#1519,#807,.T.);
#1944=EDGE_CURVE('',#1518,#1520,#808,.T.);
#1945=EDGE_CURVE('',#1518,#1521,#809,.T.);
#1946=EDGE_CURVE('',#1522,#1520,#810,.T.);
#1947=EDGE_CURVE('',#1521,#1522,#811,.T.);
#1948=EDGE_CURVE('',#1521,#1523,#812,.T.);
#1949=EDGE_CURVE('',#1524,#1522,#813,.T.);
#1950=EDGE_CURVE('',#1523,#1524,#814,.T.);
#1951=EDGE_CURVE('',#1523,#1517,#815,.T.);
#1952=EDGE_CURVE('',#1519,#1524,#816,.T.);
#1953=EDGE_CURVE('',#1525,#1526,#817,.T.);
#1954=EDGE_CURVE('',#1525,#1527,#818,.T.);
#1955=EDGE_CURVE('',#1528,#1527,#819,.T.);
#1956=EDGE_CURVE('',#1526,#1528,#820,.T.);
#1957=EDGE_CURVE('',#1526,#1529,#821,.T.);
#1958=EDGE_CURVE('',#1530,#1528,#822,.T.);
#1959=EDGE_CURVE('',#1529,#1530,#823,.T.);
#1960=EDGE_CURVE('',#1529,#1531,#824,.T.);
#1961=EDGE_CURVE('',#1532,#1530,#825,.T.);
#1962=EDGE_CURVE('',#1531,#1532,#826,.T.);
#1963=EDGE_CURVE('',#1531,#1525,#827,.T.);
#1964=EDGE_CURVE('',#1527,#1532,#828,.T.);
#1965=ORIENTED_EDGE('',*,*,#1533,.F.);
#1966=ORIENTED_EDGE('',*,*,#1534,.T.);
#1967=ORIENTED_EDGE('',*,*,#1535,.F.);
#1968=ORIENTED_EDGE('',*,*,#1536,.F.);
#1969=ORIENTED_EDGE('',*,*,#1537,.T.);
#1970=ORIENTED_EDGE('',*,*,#1538,.T.);
#1971=ORIENTED_EDGE('',*,*,#1537,.F.);
#1972=ORIENTED_EDGE('',*,*,#1539,.F.);
#1973=ORIENTED_EDGE('',*,*,#1540,.F.);
#1974=ORIENTED_EDGE('',*,*,#1541,.F.);
#1975=ORIENTED_EDGE('',*,*,#1542,.T.);
#1976=ORIENTED_EDGE('',*,*,#1543,.T.);
#1977=ORIENTED_EDGE('',*,*,#1544,.T.);
#1978=ORIENTED_EDGE('',*,*,#1545,.T.);
#1979=ORIENTED_EDGE('',*,*,#1546,.T.);
#1980=ORIENTED_EDGE('',*,*,#1543,.F.);
#1981=ORIENTED_EDGE('',*,*,#1547,.F.);
#1982=ORIENTED_EDGE('',*,*,#1548,.F.);
#1983=ORIENTED_EDGE('',*,*,#1549,.F.);
#1984=ORIENTED_EDGE('',*,*,#1550,.F.);
#1985=ORIENTED_EDGE('',*,*,#1551,.F.);
#1986=ORIENTED_EDGE('',*,*,#1533,.T.);
#1987=ORIENTED_EDGE('',*,*,#1547,.T.);
#1988=ORIENTED_EDGE('',*,*,#1542,.F.);
#1989=ORIENTED_EDGE('',*,*,#1552,.F.);
#1990=ORIENTED_EDGE('',*,*,#1553,.T.);
#1991=ORIENTED_EDGE('',*,*,#1554,.T.);
#1992=ORIENTED_EDGE('',*,*,#1555,.T.);
#1993=ORIENTED_EDGE('',*,*,#1556,.T.);
#1994=ORIENTED_EDGE('',*,*,#1557,.F.);
#1995=ORIENTED_EDGE('',*,*,#1558,.T.);
#1996=ORIENTED_EDGE('',*,*,#1552,.T.);
#1997=ORIENTED_EDGE('',*,*,#1556,.F.);
#1998=ORIENTED_EDGE('',*,*,#1559,.F.);
#1999=ORIENTED_EDGE('',*,*,#1560,.F.);
#2000=ORIENTED_EDGE('',*,*,#1561,.T.);
#2001=ORIENTED_EDGE('',*,*,#1562,.T.);
#2002=ORIENTED_EDGE('',*,*,#1563,.T.);
#2003=ORIENTED_EDGE('',*,*,#1564,.T.);
#2004=ORIENTED_EDGE('',*,*,#1555,.F.);
#2005=ORIENTED_EDGE('',*,*,#1565,.F.);
#2006=ORIENTED_EDGE('',*,*,#1566,.F.);
#2007=ORIENTED_EDGE('',*,*,#1559,.T.);
#2008=ORIENTED_EDGE('',*,*,#1567,.T.);
#2009=ORIENTED_EDGE('',*,*,#1564,.F.);
#2010=ORIENTED_EDGE('',*,*,#1568,.T.);
#2011=ORIENTED_EDGE('',*,*,#1569,.T.);
#2012=ORIENTED_EDGE('',*,*,#1570,.T.);
#2013=ORIENTED_EDGE('',*,*,#1535,.T.);
#2014=ORIENTED_EDGE('',*,*,#1571,.F.);
#2015=ORIENTED_EDGE('',*,*,#1557,.T.);
#2016=ORIENTED_EDGE('',*,*,#1567,.F.);
#2017=ORIENTED_EDGE('',*,*,#1572,.T.);
#2018=ORIENTED_EDGE('',*,*,#1570,.F.);
#2019=ORIENTED_EDGE('',*,*,#1573,.F.);
#2020=ORIENTED_EDGE('',*,*,#1574,.F.);
#2021=ORIENTED_EDGE('',*,*,#1575,.F.);
#2022=ORIENTED_EDGE('',*,*,#1576,.F.);
#2023=ORIENTED_EDGE('',*,*,#1572,.F.);
#2024=ORIENTED_EDGE('',*,*,#1577,.T.);
#2025=ORIENTED_EDGE('',*,*,#1578,.T.);
#2026=ORIENTED_EDGE('',*,*,#1579,.T.);
#2027=ORIENTED_EDGE('',*,*,#1580,.T.);
#2028=ORIENTED_EDGE('',*,*,#1579,.F.);
#2029=ORIENTED_EDGE('',*,*,#1581,.T.);
#2030=ORIENTED_EDGE('',*,*,#1582,.T.);
#2031=ORIENTED_EDGE('',*,*,#1583,.T.);
#2032=ORIENTED_EDGE('',*,*,#1584,.T.);
#2033=ORIENTED_EDGE('',*,*,#1540,.T.);
#2034=ORIENTED_EDGE('',*,*,#1585,.T.);
#2035=ORIENTED_EDGE('',*,*,#1586,.T.);
#2036=ORIENTED_EDGE('',*,*,#1587,.T.);
#2037=ORIENTED_EDGE('',*,*,#1588,.T.);
#2038=ORIENTED_EDGE('',*,*,#1589,.T.);
#2039=ORIENTED_EDGE('',*,*,#1578,.F.);
#2040=ORIENTED_EDGE('',*,*,#1590,.F.);
#2041=ORIENTED_EDGE('',*,*,#1591,.F.);
#2042=ORIENTED_EDGE('',*,*,#1581,.F.);
#2043=ORIENTED_EDGE('',*,*,#1592,.T.);
#2044=ORIENTED_EDGE('',*,*,#1593,.T.);
#2045=ORIENTED_EDGE('',*,*,#1594,.T.);
#2046=ORIENTED_EDGE('',*,*,#1595,.T.);
#2047=ORIENTED_EDGE('',*,*,#1596,.T.);
#2048=ORIENTED_EDGE('',*,*,#1597,.T.);
#2049=ORIENTED_EDGE('',*,*,#1594,.F.);
#2050=ORIENTED_EDGE('',*,*,#1598,.T.);
#2051=ORIENTED_EDGE('',*,*,#1599,.T.);
#2052=ORIENTED_EDGE('',*,*,#1600,.T.);
#2053=ORIENTED_EDGE('',*,*,#1596,.F.);
#2054=ORIENTED_EDGE('',*,*,#1601,.T.);
#2055=ORIENTED_EDGE('',*,*,#1602,.T.);
#2056=ORIENTED_EDGE('',*,*,#1603,.T.);
#2057=ORIENTED_EDGE('',*,*,#1599,.F.);
#2058=ORIENTED_EDGE('',*,*,#1604,.T.);
#2059=ORIENTED_EDGE('',*,*,#1605,.T.);
#2060=ORIENTED_EDGE('',*,*,#1606,.T.);
#2061=ORIENTED_EDGE('',*,*,#1602,.F.);
#2062=ORIENTED_EDGE('',*,*,#1607,.T.);
#2063=ORIENTED_EDGE('',*,*,#1608,.T.);
#2064=ORIENTED_EDGE('',*,*,#1609,.T.);
#2065=ORIENTED_EDGE('',*,*,#1605,.F.);
#2066=ORIENTED_EDGE('',*,*,#1610,.T.);
#2067=ORIENTED_EDGE('',*,*,#1611,.T.);
#2068=ORIENTED_EDGE('',*,*,#1612,.T.);
#2069=ORIENTED_EDGE('',*,*,#1608,.F.);
#2070=ORIENTED_EDGE('',*,*,#1613,.T.);
#2071=ORIENTED_EDGE('',*,*,#1613,.F.);
#2072=ORIENTED_EDGE('',*,*,#1610,.F.);
#2073=ORIENTED_EDGE('',*,*,#1607,.F.);
#2074=ORIENTED_EDGE('',*,*,#1604,.F.);
#2075=ORIENTED_EDGE('',*,*,#1601,.F.);
#2076=ORIENTED_EDGE('',*,*,#1598,.F.);
#2077=ORIENTED_EDGE('',*,*,#1593,.F.);
#2078=ORIENTED_EDGE('',*,*,#1614,.F.);
#2079=ORIENTED_EDGE('',*,*,#1615,.T.);
#2080=ORIENTED_EDGE('',*,*,#1616,.T.);
#2081=ORIENTED_EDGE('',*,*,#1617,.T.);
#2082=ORIENTED_EDGE('',*,*,#1618,.T.);
#2083=ORIENTED_EDGE('',*,*,#1544,.F.);
#2084=ORIENTED_EDGE('',*,*,#1551,.T.);
#2085=ORIENTED_EDGE('',*,*,#1592,.F.);
#2086=ORIENTED_EDGE('',*,*,#1619,.T.);
#2087=ORIENTED_EDGE('',*,*,#1620,.T.);
#2088=ORIENTED_EDGE('',*,*,#1621,.T.);
#2089=ORIENTED_EDGE('',*,*,#1614,.T.);
#2090=ORIENTED_EDGE('',*,*,#1595,.F.);
#2091=ORIENTED_EDGE('',*,*,#1622,.F.);
#2092=ORIENTED_EDGE('',*,*,#1623,.T.);
#2093=ORIENTED_EDGE('',*,*,#1619,.F.);
#2094=ORIENTED_EDGE('',*,*,#1624,.T.);
#2095=ORIENTED_EDGE('',*,*,#1625,.T.);
#2096=ORIENTED_EDGE('',*,*,#1626,.T.);
#2097=ORIENTED_EDGE('',*,*,#1627,.T.);
#2098=ORIENTED_EDGE('',*,*,#1628,.T.);
#2099=ORIENTED_EDGE('',*,*,#1629,.T.);
#2100=ORIENTED_EDGE('',*,*,#1626,.F.);
#2101=ORIENTED_EDGE('',*,*,#1630,.T.);
#2102=ORIENTED_EDGE('',*,*,#1631,.T.);
#2103=ORIENTED_EDGE('',*,*,#1632,.T.);
#2104=ORIENTED_EDGE('',*,*,#1628,.F.);
#2105=ORIENTED_EDGE('',*,*,#1633,.T.);
#2106=ORIENTED_EDGE('',*,*,#1634,.T.);
#2107=ORIENTED_EDGE('',*,*,#1635,.T.);
#2108=ORIENTED_EDGE('',*,*,#1631,.F.);
#2109=ORIENTED_EDGE('',*,*,#1636,.T.);
#2110=ORIENTED_EDGE('',*,*,#1637,.T.);
#2111=ORIENTED_EDGE('',*,*,#1638,.T.);
#2112=ORIENTED_EDGE('',*,*,#1634,.F.);
#2113=ORIENTED_EDGE('',*,*,#1639,.T.);
#2114=ORIENTED_EDGE('',*,*,#1640,.T.);
#2115=ORIENTED_EDGE('',*,*,#1641,.T.);
#2116=ORIENTED_EDGE('',*,*,#1637,.F.);
#2117=ORIENTED_EDGE('',*,*,#1642,.T.);
#2118=ORIENTED_EDGE('',*,*,#1643,.T.);
#2119=ORIENTED_EDGE('',*,*,#1644,.T.);
#2120=ORIENTED_EDGE('',*,*,#1640,.F.);
#2121=ORIENTED_EDGE('',*,*,#1645,.T.);
#2122=ORIENTED_EDGE('',*,*,#1627,.F.);
#2123=ORIENTED_EDGE('',*,*,#1646,.F.);
#2124=ORIENTED_EDGE('',*,*,#1647,.T.);
#2125=ORIENTED_EDGE('',*,*,#1648,.T.);
#2126=ORIENTED_EDGE('',*,*,#1649,.T.);
#2127=ORIENTED_EDGE('',*,*,#1650,.T.);
#2128=ORIENTED_EDGE('',*,*,#1651,.F.);
#2129=ORIENTED_EDGE('',*,*,#1652,.T.);
#2130=ORIENTED_EDGE('',*,*,#1653,.T.);
#2131=ORIENTED_EDGE('',*,*,#1654,.T.);
#2132=ORIENTED_EDGE('',*,*,#1655,.F.);
#2133=ORIENTED_EDGE('',*,*,#1656,.F.);
#2134=ORIENTED_EDGE('',*,*,#1657,.T.);
#2135=ORIENTED_EDGE('',*,*,#1629,.F.);
#2136=ORIENTED_EDGE('',*,*,#1658,.T.);
#2137=ORIENTED_EDGE('',*,*,#1659,.T.);
#2138=ORIENTED_EDGE('',*,*,#1646,.T.);
#2139=ORIENTED_EDGE('',*,*,#1632,.F.);
#2140=ORIENTED_EDGE('',*,*,#1660,.F.);
#2141=ORIENTED_EDGE('',*,*,#1661,.F.);
#2142=ORIENTED_EDGE('',*,*,#1658,.F.);
#2143=ORIENTED_EDGE('',*,*,#1635,.F.);
#2144=ORIENTED_EDGE('',*,*,#1662,.T.);
#2145=ORIENTED_EDGE('',*,*,#1663,.T.);
#2146=ORIENTED_EDGE('',*,*,#1660,.T.);
#2147=ORIENTED_EDGE('',*,*,#1638,.F.);
#2148=ORIENTED_EDGE('',*,*,#1664,.F.);
#2149=ORIENTED_EDGE('',*,*,#1665,.F.);
#2150=ORIENTED_EDGE('',*,*,#1662,.F.);
#2151=ORIENTED_EDGE('',*,*,#1641,.F.);
#2152=ORIENTED_EDGE('',*,*,#1666,.T.);
#2153=ORIENTED_EDGE('',*,*,#1667,.T.);
#2154=ORIENTED_EDGE('',*,*,#1664,.T.);
#2155=ORIENTED_EDGE('',*,*,#1644,.F.);
#2156=ORIENTED_EDGE('',*,*,#1668,.F.);
#2157=ORIENTED_EDGE('',*,*,#1669,.T.);
#2158=ORIENTED_EDGE('',*,*,#1666,.F.);
#2159=ORIENTED_EDGE('',*,*,#1643,.F.);
#2160=ORIENTED_EDGE('',*,*,#1670,.T.);
#2161=ORIENTED_EDGE('',*,*,#1671,.T.);
#2162=ORIENTED_EDGE('',*,*,#1672,.T.);
#2163=ORIENTED_EDGE('',*,*,#1673,.F.);
#2164=ORIENTED_EDGE('',*,*,#1674,.T.);
#2165=ORIENTED_EDGE('',*,*,#1675,.T.);
#2166=ORIENTED_EDGE('',*,*,#1676,.F.);
#2167=ORIENTED_EDGE('',*,*,#1677,.T.);
#2168=ORIENTED_EDGE('',*,*,#1678,.T.);
#2169=ORIENTED_EDGE('',*,*,#1679,.T.);
#2170=ORIENTED_EDGE('',*,*,#1680,.T.);
#2171=ORIENTED_EDGE('',*,*,#1681,.T.);
#2172=ORIENTED_EDGE('',*,*,#1682,.F.);
#2173=ORIENTED_EDGE('',*,*,#1683,.T.);
#2174=ORIENTED_EDGE('',*,*,#1668,.T.);
#2175=ORIENTED_EDGE('',*,*,#1673,.T.);
#2176=ORIENTED_EDGE('',*,*,#1684,.T.);
#2177=ORIENTED_EDGE('',*,*,#1685,.T.);
#2178=ORIENTED_EDGE('',*,*,#1686,.T.);
#2179=ORIENTED_EDGE('',*,*,#1687,.T.);
#2180=ORIENTED_EDGE('',*,*,#1688,.T.);
#2181=ORIENTED_EDGE('',*,*,#1685,.F.);
#2182=ORIENTED_EDGE('',*,*,#1689,.T.);
#2183=ORIENTED_EDGE('',*,*,#1690,.T.);
#2184=ORIENTED_EDGE('',*,*,#1691,.T.);
#2185=ORIENTED_EDGE('',*,*,#1687,.F.);
#2186=ORIENTED_EDGE('',*,*,#1692,.T.);
#2187=ORIENTED_EDGE('',*,*,#1693,.T.);
#2188=ORIENTED_EDGE('',*,*,#1694,.T.);
#2189=ORIENTED_EDGE('',*,*,#1690,.F.);
#2190=ORIENTED_EDGE('',*,*,#1695,.T.);
#2191=ORIENTED_EDGE('',*,*,#1696,.T.);
#2192=ORIENTED_EDGE('',*,*,#1697,.T.);
#2193=ORIENTED_EDGE('',*,*,#1693,.F.);
#2194=ORIENTED_EDGE('',*,*,#1698,.T.);
#2195=ORIENTED_EDGE('',*,*,#1699,.T.);
#2196=ORIENTED_EDGE('',*,*,#1700,.T.);
#2197=ORIENTED_EDGE('',*,*,#1696,.F.);
#2198=ORIENTED_EDGE('',*,*,#1701,.T.);
#2199=ORIENTED_EDGE('',*,*,#1702,.T.);
#2200=ORIENTED_EDGE('',*,*,#1656,.T.);
#2201=ORIENTED_EDGE('',*,*,#1699,.F.);
#2202=ORIENTED_EDGE('',*,*,#1703,.T.);
#2203=ORIENTED_EDGE('',*,*,#1703,.F.);
#2204=ORIENTED_EDGE('',*,*,#1701,.F.);
#2205=ORIENTED_EDGE('',*,*,#1698,.F.);
#2206=ORIENTED_EDGE('',*,*,#1695,.F.);
#2207=ORIENTED_EDGE('',*,*,#1692,.F.);
#2208=ORIENTED_EDGE('',*,*,#1689,.F.);
#2209=ORIENTED_EDGE('',*,*,#1684,.F.);
#2210=ORIENTED_EDGE('',*,*,#1672,.F.);
#2211=ORIENTED_EDGE('',*,*,#1704,.F.);
#2212=ORIENTED_EDGE('',*,*,#1686,.F.);
#2213=ORIENTED_EDGE('',*,*,#1705,.F.);
#2214=ORIENTED_EDGE('',*,*,#1706,.F.);
#2215=ORIENTED_EDGE('',*,*,#1674,.F.);
#2216=ORIENTED_EDGE('',*,*,#1603,.F.);
#2217=ORIENTED_EDGE('',*,*,#1707,.T.);
#2218=ORIENTED_EDGE('',*,*,#1708,.T.);
#2219=ORIENTED_EDGE('',*,*,#1709,.T.);
#2220=ORIENTED_EDGE('',*,*,#1600,.F.);
#2221=ORIENTED_EDGE('',*,*,#1709,.F.);
#2222=ORIENTED_EDGE('',*,*,#1710,.F.);
#2223=ORIENTED_EDGE('',*,*,#1711,.F.);
#2224=ORIENTED_EDGE('',*,*,#1712,.T.);
#2225=ORIENTED_EDGE('',*,*,#1713,.T.);
#2226=ORIENTED_EDGE('',*,*,#1714,.T.);
#2227=ORIENTED_EDGE('',*,*,#1715,.T.);
#2228=ORIENTED_EDGE('',*,*,#1713,.F.);
#2229=ORIENTED_EDGE('',*,*,#1716,.F.);
#2230=ORIENTED_EDGE('',*,*,#1717,.F.);
#2231=ORIENTED_EDGE('',*,*,#1718,.F.);
#2232=ORIENTED_EDGE('',*,*,#1694,.F.);
#2233=ORIENTED_EDGE('',*,*,#1719,.T.);
#2234=ORIENTED_EDGE('',*,*,#1720,.T.);
#2235=ORIENTED_EDGE('',*,*,#1721,.T.);
#2236=ORIENTED_EDGE('',*,*,#1697,.F.);
#2237=ORIENTED_EDGE('',*,*,#1722,.F.);
#2238=ORIENTED_EDGE('',*,*,#1723,.F.);
#2239=ORIENTED_EDGE('',*,*,#1719,.F.);
#2240=ORIENTED_EDGE('',*,*,#1580,.F.);
#2241=ORIENTED_EDGE('',*,*,#1589,.F.);
#2242=ORIENTED_EDGE('',*,*,#1724,.T.);
#2243=ORIENTED_EDGE('',*,*,#1725,.F.);
#2244=ORIENTED_EDGE('',*,*,#1577,.F.);
#2245=ORIENTED_EDGE('',*,*,#1725,.T.);
#2246=ORIENTED_EDGE('',*,*,#1726,.T.);
#2247=ORIENTED_EDGE('',*,*,#1727,.T.);
#2248=ORIENTED_EDGE('',*,*,#1590,.T.);
#2249=ORIENTED_EDGE('',*,*,#1534,.F.);
#2250=ORIENTED_EDGE('',*,*,#1553,.F.);
#2251=ORIENTED_EDGE('',*,*,#1558,.F.);
#2252=ORIENTED_EDGE('',*,*,#1571,.T.);
#2253=ORIENTED_EDGE('',*,*,#1539,.T.);
#2254=ORIENTED_EDGE('',*,*,#1536,.T.);
#2255=ORIENTED_EDGE('',*,*,#1576,.T.);
#2256=ORIENTED_EDGE('',*,*,#1728,.T.);
#2257=ORIENTED_EDGE('',*,*,#1585,.F.);
#2258=ORIENTED_EDGE('',*,*,#1541,.T.);
#2259=ORIENTED_EDGE('',*,*,#1584,.F.);
#2260=ORIENTED_EDGE('',*,*,#1729,.F.);
#2261=ORIENTED_EDGE('',*,*,#1548,.T.);
#2262=ORIENTED_EDGE('',*,*,#1538,.F.);
#2263=ORIENTED_EDGE('',*,*,#1554,.F.);
#2264=ORIENTED_EDGE('',*,*,#1546,.F.);
#2265=ORIENTED_EDGE('',*,*,#1730,.T.);
#2266=ORIENTED_EDGE('',*,*,#1731,.T.);
#2267=ORIENTED_EDGE('',*,*,#1732,.F.);
#2268=ORIENTED_EDGE('',*,*,#1733,.F.);
#2269=ORIENTED_EDGE('',*,*,#1565,.T.);
#2270=ORIENTED_EDGE('',*,*,#1568,.F.);
#2271=ORIENTED_EDGE('',*,*,#1563,.F.);
#2272=ORIENTED_EDGE('',*,*,#1734,.F.);
#2273=ORIENTED_EDGE('',*,*,#1735,.F.);
#2274=ORIENTED_EDGE('',*,*,#1562,.F.);
#2275=ORIENTED_EDGE('',*,*,#1736,.F.);
#2276=ORIENTED_EDGE('',*,*,#1737,.T.);
#2277=ORIENTED_EDGE('',*,*,#1738,.F.);
#2278=ORIENTED_EDGE('',*,*,#1734,.T.);
#2279=ORIENTED_EDGE('',*,*,#1739,.T.);
#2280=ORIENTED_EDGE('',*,*,#1574,.T.);
#2281=ORIENTED_EDGE('',*,*,#1740,.F.);
#2282=ORIENTED_EDGE('',*,*,#1737,.F.);
#2283=ORIENTED_EDGE('',*,*,#1741,.F.);
#2284=ORIENTED_EDGE('',*,*,#1742,.F.);
#2285=ORIENTED_EDGE('',*,*,#1616,.F.);
#2286=ORIENTED_EDGE('',*,*,#1550,.T.);
#2287=ORIENTED_EDGE('',*,*,#1545,.F.);
#2288=ORIENTED_EDGE('',*,*,#1618,.F.);
#2289=ORIENTED_EDGE('',*,*,#1743,.F.);
#2290=ORIENTED_EDGE('',*,*,#1730,.F.);
#2291=ORIENTED_EDGE('',*,*,#1731,.F.);
#2292=ORIENTED_EDGE('',*,*,#1743,.T.);
#2293=ORIENTED_EDGE('',*,*,#1617,.F.);
#2294=ORIENTED_EDGE('',*,*,#1742,.T.);
#2295=ORIENTED_EDGE('',*,*,#1744,.F.);
#2296=ORIENTED_EDGE('',*,*,#1744,.T.);
#2297=ORIENTED_EDGE('',*,*,#1745,.F.);
#2298=ORIENTED_EDGE('',*,*,#1746,.F.);
#2299=ORIENTED_EDGE('',*,*,#1732,.T.);
#2300=ORIENTED_EDGE('',*,*,#1736,.T.);
#2301=ORIENTED_EDGE('',*,*,#1561,.F.);
#2302=ORIENTED_EDGE('',*,*,#1747,.F.);
#2303=ORIENTED_EDGE('',*,*,#1748,.T.);
#2304=ORIENTED_EDGE('',*,*,#1575,.T.);
#2305=ORIENTED_EDGE('',*,*,#1749,.T.);
#2306=ORIENTED_EDGE('',*,*,#1586,.F.);
#2307=ORIENTED_EDGE('',*,*,#1728,.F.);
#2308=ORIENTED_EDGE('',*,*,#1549,.T.);
#2309=ORIENTED_EDGE('',*,*,#1729,.T.);
#2310=ORIENTED_EDGE('',*,*,#1583,.F.);
#2311=ORIENTED_EDGE('',*,*,#1750,.F.);
#2312=ORIENTED_EDGE('',*,*,#1751,.F.);
#2313=ORIENTED_EDGE('',*,*,#1745,.T.);
#2314=ORIENTED_EDGE('',*,*,#1741,.T.);
#2315=ORIENTED_EDGE('',*,*,#1750,.T.);
#2316=ORIENTED_EDGE('',*,*,#1582,.F.);
#2317=ORIENTED_EDGE('',*,*,#1591,.T.);
#2318=ORIENTED_EDGE('',*,*,#1727,.F.);
#2319=ORIENTED_EDGE('',*,*,#1752,.F.);
#2320=ORIENTED_EDGE('',*,*,#1753,.F.);
#2321=ORIENTED_EDGE('',*,*,#1752,.T.);
#2322=ORIENTED_EDGE('',*,*,#1726,.F.);
#2323=ORIENTED_EDGE('',*,*,#1724,.F.);
#2324=ORIENTED_EDGE('',*,*,#1588,.F.);
#2325=ORIENTED_EDGE('',*,*,#1754,.F.);
#2326=ORIENTED_EDGE('',*,*,#1755,.F.);
#2327=ORIENTED_EDGE('',*,*,#1754,.T.);
#2328=ORIENTED_EDGE('',*,*,#1587,.F.);
#2329=ORIENTED_EDGE('',*,*,#1749,.F.);
#2330=ORIENTED_EDGE('',*,*,#1739,.F.);
#2331=ORIENTED_EDGE('',*,*,#1748,.F.);
#2332=ORIENTED_EDGE('',*,*,#1747,.T.);
#2333=ORIENTED_EDGE('',*,*,#1560,.T.);
#2334=ORIENTED_EDGE('',*,*,#1566,.T.);
#2335=ORIENTED_EDGE('',*,*,#1733,.T.);
#2336=ORIENTED_EDGE('',*,*,#1746,.T.);
#2337=ORIENTED_EDGE('',*,*,#1751,.T.);
#2338=ORIENTED_EDGE('',*,*,#1753,.T.);
#2339=ORIENTED_EDGE('',*,*,#1755,.T.);
#2340=ORIENTED_EDGE('',*,*,#1756,.T.);
#2341=ORIENTED_EDGE('',*,*,#1757,.T.);
#2342=ORIENTED_EDGE('',*,*,#1758,.T.);
#2343=ORIENTED_EDGE('',*,*,#1759,.T.);
#2344=ORIENTED_EDGE('',*,*,#1758,.F.);
#2345=ORIENTED_EDGE('',*,*,#1760,.T.);
#2346=ORIENTED_EDGE('',*,*,#1761,.F.);
#2347=ORIENTED_EDGE('',*,*,#1762,.T.);
#2348=ORIENTED_EDGE('',*,*,#1763,.F.);
#2349=ORIENTED_EDGE('',*,*,#1764,.T.);
#2350=ORIENTED_EDGE('',*,*,#1765,.F.);
#2351=ORIENTED_EDGE('',*,*,#1766,.T.);
#2352=ORIENTED_EDGE('',*,*,#1767,.T.);
#2353=ORIENTED_EDGE('',*,*,#1757,.F.);
#2354=ORIENTED_EDGE('',*,*,#1768,.F.);
#2355=ORIENTED_EDGE('',*,*,#1769,.F.);
#2356=ORIENTED_EDGE('',*,*,#1760,.F.);
#2357=ORIENTED_EDGE('',*,*,#1770,.T.);
#2358=ORIENTED_EDGE('',*,*,#1771,.T.);
#2359=ORIENTED_EDGE('',*,*,#1761,.T.);
#2360=ORIENTED_EDGE('',*,*,#1769,.T.);
#2361=ORIENTED_EDGE('',*,*,#1772,.T.);
#2362=ORIENTED_EDGE('',*,*,#1773,.T.);
#2363=ORIENTED_EDGE('',*,*,#1765,.T.);
#2364=ORIENTED_EDGE('',*,*,#1774,.T.);
#2365=ORIENTED_EDGE('',*,*,#1774,.F.);
#2366=ORIENTED_EDGE('',*,*,#1764,.F.);
#2367=ORIENTED_EDGE('',*,*,#1775,.F.);
#2368=ORIENTED_EDGE('',*,*,#1776,.F.);
#2369=ORIENTED_EDGE('',*,*,#1777,.T.);
#2370=ORIENTED_EDGE('',*,*,#1775,.T.);
#2371=ORIENTED_EDGE('',*,*,#1763,.T.);
#2372=ORIENTED_EDGE('',*,*,#1778,.T.);
#2373=ORIENTED_EDGE('',*,*,#1771,.F.);
#2374=ORIENTED_EDGE('',*,*,#1779,.F.);
#2375=ORIENTED_EDGE('',*,*,#1778,.F.);
#2376=ORIENTED_EDGE('',*,*,#1762,.F.);
#2377=ORIENTED_EDGE('',*,*,#1759,.F.);
#2378=ORIENTED_EDGE('',*,*,#1766,.F.);
#2379=ORIENTED_EDGE('',*,*,#1773,.F.);
#2380=ORIENTED_EDGE('',*,*,#1780,.F.);
#2381=ORIENTED_EDGE('',*,*,#1756,.F.);
#2382=ORIENTED_EDGE('',*,*,#1780,.T.);
#2383=ORIENTED_EDGE('',*,*,#1772,.F.);
#2384=ORIENTED_EDGE('',*,*,#1776,.T.);
#2385=ORIENTED_EDGE('',*,*,#1777,.F.);
#2386=ORIENTED_EDGE('',*,*,#1779,.T.);
#2387=ORIENTED_EDGE('',*,*,#1770,.F.);
#2388=ORIENTED_EDGE('',*,*,#1768,.T.);
#2389=ORIENTED_EDGE('',*,*,#1767,.F.);
#2390=ORIENTED_EDGE('',*,*,#1781,.T.);
#2391=ORIENTED_EDGE('',*,*,#1782,.F.);
#2392=ORIENTED_EDGE('',*,*,#1781,.F.);
#2393=ORIENTED_EDGE('',*,*,#1783,.F.);
#2394=ORIENTED_EDGE('',*,*,#1784,.T.);
#2395=ORIENTED_EDGE('',*,*,#1785,.T.);
#2396=ORIENTED_EDGE('',*,*,#1786,.F.);
#2397=ORIENTED_EDGE('',*,*,#1782,.T.);
#2398=ORIENTED_EDGE('',*,*,#1787,.F.);
#2399=ORIENTED_EDGE('',*,*,#1788,.T.);
#2400=ORIENTED_EDGE('',*,*,#1789,.F.);
#2401=ORIENTED_EDGE('',*,*,#1790,.F.);
#2402=ORIENTED_EDGE('',*,*,#1791,.T.);
#2403=ORIENTED_EDGE('',*,*,#1792,.F.);
#2404=ORIENTED_EDGE('',*,*,#1793,.F.);
#2405=ORIENTED_EDGE('',*,*,#1794,.F.);
#2406=ORIENTED_EDGE('',*,*,#1795,.T.);
#2407=ORIENTED_EDGE('',*,*,#1796,.T.);
#2408=ORIENTED_EDGE('',*,*,#1797,.F.);
#2409=ORIENTED_EDGE('',*,*,#1785,.F.);
#2410=ORIENTED_EDGE('',*,*,#1798,.F.);
#2411=ORIENTED_EDGE('',*,*,#1791,.F.);
#2412=ORIENTED_EDGE('',*,*,#1788,.F.);
#2413=ORIENTED_EDGE('',*,*,#1787,.T.);
#2414=ORIENTED_EDGE('',*,*,#1799,.T.);
#2415=ORIENTED_EDGE('',*,*,#1800,.T.);
#2416=ORIENTED_EDGE('',*,*,#1795,.F.);
#2417=ORIENTED_EDGE('',*,*,#1790,.T.);
#2418=ORIENTED_EDGE('',*,*,#1801,.F.);
#2419=ORIENTED_EDGE('',*,*,#1802,.T.);
#2420=ORIENTED_EDGE('',*,*,#1799,.F.);
#2421=ORIENTED_EDGE('',*,*,#1789,.T.);
#2422=ORIENTED_EDGE('',*,*,#1794,.T.);
#2423=ORIENTED_EDGE('',*,*,#1803,.T.);
#2424=ORIENTED_EDGE('',*,*,#1804,.T.);
#2425=ORIENTED_EDGE('',*,*,#1801,.T.);
#2426=ORIENTED_EDGE('',*,*,#1805,.F.);
#2427=ORIENTED_EDGE('',*,*,#1806,.F.);
#2428=ORIENTED_EDGE('',*,*,#1807,.F.);
#2429=ORIENTED_EDGE('',*,*,#1808,.F.);
#2430=ORIENTED_EDGE('',*,*,#1809,.F.);
#2431=ORIENTED_EDGE('',*,*,#1796,.F.);
#2432=ORIENTED_EDGE('',*,*,#1800,.F.);
#2433=ORIENTED_EDGE('',*,*,#1802,.F.);
#2434=ORIENTED_EDGE('',*,*,#1804,.F.);
#2435=ORIENTED_EDGE('',*,*,#1810,.F.);
#2436=ORIENTED_EDGE('',*,*,#1808,.T.);
#2437=ORIENTED_EDGE('',*,*,#1811,.T.);
#2438=ORIENTED_EDGE('',*,*,#1680,.F.);
#2439=ORIENTED_EDGE('',*,*,#1812,.F.);
#2440=ORIENTED_EDGE('',*,*,#1807,.T.);
#2441=ORIENTED_EDGE('',*,*,#1813,.F.);
#2442=ORIENTED_EDGE('',*,*,#1681,.F.);
#2443=ORIENTED_EDGE('',*,*,#1811,.F.);
#2444=ORIENTED_EDGE('',*,*,#1783,.T.);
#2445=ORIENTED_EDGE('',*,*,#1814,.F.);
#2446=ORIENTED_EDGE('',*,*,#1649,.F.);
#2447=ORIENTED_EDGE('',*,*,#1648,.F.);
#2448=ORIENTED_EDGE('',*,*,#1815,.T.);
#2449=ORIENTED_EDGE('',*,*,#1682,.T.);
#2450=ORIENTED_EDGE('',*,*,#1813,.T.);
#2451=ORIENTED_EDGE('',*,*,#1806,.T.);
#2452=ORIENTED_EDGE('',*,*,#1816,.T.);
#2453=ORIENTED_EDGE('',*,*,#1817,.T.);
#2454=ORIENTED_EDGE('',*,*,#1792,.T.);
#2455=ORIENTED_EDGE('',*,*,#1798,.T.);
#2456=ORIENTED_EDGE('',*,*,#1784,.F.);
#2457=ORIENTED_EDGE('',*,*,#1817,.F.);
#2458=ORIENTED_EDGE('',*,*,#1816,.F.);
#2459=ORIENTED_EDGE('',*,*,#1805,.T.);
#2460=ORIENTED_EDGE('',*,*,#1818,.F.);
#2461=ORIENTED_EDGE('',*,*,#1793,.T.);
#2462=ORIENTED_EDGE('',*,*,#1818,.T.);
#2463=ORIENTED_EDGE('',*,*,#1810,.T.);
#2464=ORIENTED_EDGE('',*,*,#1803,.F.);
#2465=ORIENTED_EDGE('',*,*,#1659,.F.);
#2466=ORIENTED_EDGE('',*,*,#1661,.T.);
#2467=ORIENTED_EDGE('',*,*,#1663,.F.);
#2468=ORIENTED_EDGE('',*,*,#1665,.T.);
#2469=ORIENTED_EDGE('',*,*,#1667,.F.);
#2470=ORIENTED_EDGE('',*,*,#1669,.F.);
#2471=ORIENTED_EDGE('',*,*,#1683,.F.);
#2472=ORIENTED_EDGE('',*,*,#1815,.F.);
#2473=ORIENTED_EDGE('',*,*,#1647,.F.);
#2474=ORIENTED_EDGE('',*,*,#1625,.F.);
#2475=ORIENTED_EDGE('',*,*,#1819,.T.);
#2476=ORIENTED_EDGE('',*,*,#1670,.F.);
#2477=ORIENTED_EDGE('',*,*,#1645,.F.);
#2478=ORIENTED_EDGE('',*,*,#1642,.F.);
#2479=ORIENTED_EDGE('',*,*,#1639,.F.);
#2480=ORIENTED_EDGE('',*,*,#1636,.F.);
#2481=ORIENTED_EDGE('',*,*,#1633,.F.);
#2482=ORIENTED_EDGE('',*,*,#1630,.F.);
#2483=ORIENTED_EDGE('',*,*,#1820,.T.);
#2484=ORIENTED_EDGE('',*,*,#1821,.T.);
#2485=ORIENTED_EDGE('',*,*,#1822,.T.);
#2486=ORIENTED_EDGE('',*,*,#1823,.T.);
#2487=ORIENTED_EDGE('',*,*,#1823,.F.);
#2488=ORIENTED_EDGE('',*,*,#1824,.F.);
#2489=ORIENTED_EDGE('',*,*,#1825,.F.);
#2490=ORIENTED_EDGE('',*,*,#1826,.F.);
#2491=ORIENTED_EDGE('',*,*,#1822,.F.);
#2492=ORIENTED_EDGE('',*,*,#1827,.T.);
#2493=ORIENTED_EDGE('',*,*,#1677,.F.);
#2494=ORIENTED_EDGE('',*,*,#1828,.F.);
#2495=ORIENTED_EDGE('',*,*,#1652,.F.);
#2496=ORIENTED_EDGE('',*,*,#1829,.F.);
#2497=ORIENTED_EDGE('',*,*,#1830,.T.);
#2498=ORIENTED_EDGE('',*,*,#1714,.F.);
#2499=ORIENTED_EDGE('',*,*,#1718,.T.);
#2500=ORIENTED_EDGE('',*,*,#1831,.F.);
#2501=ORIENTED_EDGE('',*,*,#1832,.T.);
#2502=ORIENTED_EDGE('',*,*,#1824,.T.);
#2503=ORIENTED_EDGE('',*,*,#1831,.T.);
#2504=ORIENTED_EDGE('',*,*,#1717,.T.);
#2505=ORIENTED_EDGE('',*,*,#1833,.T.);
#2506=ORIENTED_EDGE('',*,*,#1834,.T.);
#2507=ORIENTED_EDGE('',*,*,#1829,.T.);
#2508=ORIENTED_EDGE('',*,*,#1651,.T.);
#2509=ORIENTED_EDGE('',*,*,#1835,.T.);
#2510=ORIENTED_EDGE('',*,*,#1836,.T.);
#2511=ORIENTED_EDGE('',*,*,#1715,.F.);
#2512=ORIENTED_EDGE('',*,*,#1830,.F.);
#2513=ORIENTED_EDGE('',*,*,#1836,.F.);
#2514=ORIENTED_EDGE('',*,*,#1837,.F.);
#2515=ORIENTED_EDGE('',*,*,#1834,.F.);
#2516=ORIENTED_EDGE('',*,*,#1838,.F.);
#2517=ORIENTED_EDGE('',*,*,#1825,.T.);
#2518=ORIENTED_EDGE('',*,*,#1832,.F.);
#2519=ORIENTED_EDGE('',*,*,#1797,.T.);
#2520=ORIENTED_EDGE('',*,*,#1809,.T.);
#2521=ORIENTED_EDGE('',*,*,#1812,.T.);
#2522=ORIENTED_EDGE('',*,*,#1679,.F.);
#2523=ORIENTED_EDGE('',*,*,#1839,.F.);
#2524=ORIENTED_EDGE('',*,*,#1820,.F.);
#2525=ORIENTED_EDGE('',*,*,#1826,.T.);
#2526=ORIENTED_EDGE('',*,*,#1838,.T.);
#2527=ORIENTED_EDGE('',*,*,#1833,.F.);
#2528=ORIENTED_EDGE('',*,*,#1716,.T.);
#2529=ORIENTED_EDGE('',*,*,#1712,.F.);
#2530=ORIENTED_EDGE('',*,*,#1837,.T.);
#2531=ORIENTED_EDGE('',*,*,#1835,.F.);
#2532=ORIENTED_EDGE('',*,*,#1650,.F.);
#2533=ORIENTED_EDGE('',*,*,#1814,.T.);
#2534=ORIENTED_EDGE('',*,*,#1786,.T.);
#2535=ORIENTED_EDGE('',*,*,#1740,.T.);
#2536=ORIENTED_EDGE('',*,*,#1573,.T.);
#2537=ORIENTED_EDGE('',*,*,#1569,.F.);
#2538=ORIENTED_EDGE('',*,*,#1735,.T.);
#2539=ORIENTED_EDGE('',*,*,#1738,.T.);
#2540=ORIENTED_EDGE('',*,*,#1700,.F.);
#2541=ORIENTED_EDGE('',*,*,#1655,.T.);
#2542=ORIENTED_EDGE('',*,*,#1840,.T.);
#2543=ORIENTED_EDGE('',*,*,#1722,.T.);
#2544=ORIENTED_EDGE('',*,*,#1688,.F.);
#2545=ORIENTED_EDGE('',*,*,#1841,.T.);
#2546=ORIENTED_EDGE('',*,*,#1842,.T.);
#2547=ORIENTED_EDGE('',*,*,#1705,.T.);
#2548=ORIENTED_EDGE('',*,*,#1691,.F.);
#2549=ORIENTED_EDGE('',*,*,#1721,.F.);
#2550=ORIENTED_EDGE('',*,*,#1843,.F.);
#2551=ORIENTED_EDGE('',*,*,#1841,.F.);
#2552=ORIENTED_EDGE('',*,*,#1840,.F.);
#2553=ORIENTED_EDGE('',*,*,#1654,.F.);
#2554=ORIENTED_EDGE('',*,*,#1844,.F.);
#2555=ORIENTED_EDGE('',*,*,#1675,.F.);
#2556=ORIENTED_EDGE('',*,*,#1706,.T.);
#2557=ORIENTED_EDGE('',*,*,#1842,.F.);
#2558=ORIENTED_EDGE('',*,*,#1843,.T.);
#2559=ORIENTED_EDGE('',*,*,#1720,.F.);
#2560=ORIENTED_EDGE('',*,*,#1723,.T.);
#2561=ORIENTED_EDGE('',*,*,#1821,.F.);
#2562=ORIENTED_EDGE('',*,*,#1839,.T.);
#2563=ORIENTED_EDGE('',*,*,#1678,.F.);
#2564=ORIENTED_EDGE('',*,*,#1827,.F.);
#2565=ORIENTED_EDGE('',*,*,#1676,.T.);
#2566=ORIENTED_EDGE('',*,*,#1844,.T.);
#2567=ORIENTED_EDGE('',*,*,#1653,.F.);
#2568=ORIENTED_EDGE('',*,*,#1828,.T.);
#2569=ORIENTED_EDGE('',*,*,#1624,.F.);
#2570=ORIENTED_EDGE('',*,*,#1657,.F.);
#2571=ORIENTED_EDGE('',*,*,#1702,.F.);
#2572=ORIENTED_EDGE('',*,*,#1704,.T.);
#2573=ORIENTED_EDGE('',*,*,#1671,.F.);
#2574=ORIENTED_EDGE('',*,*,#1819,.F.);
#2575=ORIENTED_EDGE('',*,*,#1597,.F.);
#2576=ORIENTED_EDGE('',*,*,#1711,.T.);
#2577=ORIENTED_EDGE('',*,*,#1845,.T.);
#2578=ORIENTED_EDGE('',*,*,#1622,.T.);
#2579=ORIENTED_EDGE('',*,*,#1609,.F.);
#2580=ORIENTED_EDGE('',*,*,#1846,.T.);
#2581=ORIENTED_EDGE('',*,*,#1847,.T.);
#2582=ORIENTED_EDGE('',*,*,#1848,.T.);
#2583=ORIENTED_EDGE('',*,*,#1606,.F.);
#2584=ORIENTED_EDGE('',*,*,#1848,.F.);
#2585=ORIENTED_EDGE('',*,*,#1849,.F.);
#2586=ORIENTED_EDGE('',*,*,#1707,.F.);
#2587=ORIENTED_EDGE('',*,*,#1845,.F.);
#2588=ORIENTED_EDGE('',*,*,#1710,.T.);
#2589=ORIENTED_EDGE('',*,*,#1708,.F.);
#2590=ORIENTED_EDGE('',*,*,#1849,.T.);
#2591=ORIENTED_EDGE('',*,*,#1847,.F.);
#2592=ORIENTED_EDGE('',*,*,#1850,.F.);
#2593=ORIENTED_EDGE('',*,*,#1851,.T.);
#2594=ORIENTED_EDGE('',*,*,#1620,.F.);
#2595=ORIENTED_EDGE('',*,*,#1623,.F.);
#2596=ORIENTED_EDGE('',*,*,#1612,.F.);
#2597=ORIENTED_EDGE('',*,*,#1852,.T.);
#2598=ORIENTED_EDGE('',*,*,#1850,.T.);
#2599=ORIENTED_EDGE('',*,*,#1846,.F.);
#2600=ORIENTED_EDGE('',*,*,#1611,.F.);
#2601=ORIENTED_EDGE('',*,*,#1615,.F.);
#2602=ORIENTED_EDGE('',*,*,#1621,.F.);
#2603=ORIENTED_EDGE('',*,*,#1851,.F.);
#2604=ORIENTED_EDGE('',*,*,#1852,.F.);
#2605=ORIENTED_EDGE('',*,*,#1853,.T.);
#2606=ORIENTED_EDGE('',*,*,#1854,.T.);
#2607=ORIENTED_EDGE('',*,*,#1855,.T.);
#2608=ORIENTED_EDGE('',*,*,#1856,.T.);
#2609=ORIENTED_EDGE('',*,*,#1857,.F.);
#2610=ORIENTED_EDGE('',*,*,#1858,.F.);
#2611=ORIENTED_EDGE('',*,*,#1859,.F.);
#2612=ORIENTED_EDGE('',*,*,#1854,.F.);
#2613=ORIENTED_EDGE('',*,*,#1859,.T.);
#2614=ORIENTED_EDGE('',*,*,#1860,.F.);
#2615=ORIENTED_EDGE('',*,*,#1861,.F.);
#2616=ORIENTED_EDGE('',*,*,#1855,.F.);
#2617=ORIENTED_EDGE('',*,*,#1861,.T.);
#2618=ORIENTED_EDGE('',*,*,#1862,.F.);
#2619=ORIENTED_EDGE('',*,*,#1863,.F.);
#2620=ORIENTED_EDGE('',*,*,#1856,.F.);
#2621=ORIENTED_EDGE('',*,*,#1863,.T.);
#2622=ORIENTED_EDGE('',*,*,#1864,.F.);
#2623=ORIENTED_EDGE('',*,*,#1857,.T.);
#2624=ORIENTED_EDGE('',*,*,#1853,.F.);
#2625=ORIENTED_EDGE('',*,*,#1864,.T.);
#2626=ORIENTED_EDGE('',*,*,#1862,.T.);
#2627=ORIENTED_EDGE('',*,*,#1860,.T.);
#2628=ORIENTED_EDGE('',*,*,#1858,.T.);
#2629=ORIENTED_EDGE('',*,*,#1865,.T.);
#2630=ORIENTED_EDGE('',*,*,#1866,.T.);
#2631=ORIENTED_EDGE('',*,*,#1867,.T.);
#2632=ORIENTED_EDGE('',*,*,#1868,.T.);
#2633=ORIENTED_EDGE('',*,*,#1867,.F.);
#2634=ORIENTED_EDGE('',*,*,#1869,.T.);
#2635=ORIENTED_EDGE('',*,*,#1870,.T.);
#2636=ORIENTED_EDGE('',*,*,#1869,.F.);
#2637=ORIENTED_EDGE('',*,*,#1871,.T.);
#2638=ORIENTED_EDGE('',*,*,#1872,.T.);
#2639=ORIENTED_EDGE('',*,*,#1873,.T.);
#2640=ORIENTED_EDGE('',*,*,#1866,.F.);
#2641=ORIENTED_EDGE('',*,*,#1874,.T.);
#2642=ORIENTED_EDGE('',*,*,#1875,.F.);
#2643=ORIENTED_EDGE('',*,*,#1871,.F.);
#2644=ORIENTED_EDGE('',*,*,#1876,.F.);
#2645=ORIENTED_EDGE('',*,*,#1877,.F.);
#2646=ORIENTED_EDGE('',*,*,#1878,.F.);
#2647=ORIENTED_EDGE('',*,*,#1879,.T.);
#2648=ORIENTED_EDGE('',*,*,#1880,.T.);
#2649=ORIENTED_EDGE('',*,*,#1877,.T.);
#2650=ORIENTED_EDGE('',*,*,#1881,.T.);
#2651=ORIENTED_EDGE('',*,*,#1882,.T.);
#2652=ORIENTED_EDGE('',*,*,#1883,.T.);
#2653=ORIENTED_EDGE('',*,*,#1878,.T.);
#2654=ORIENTED_EDGE('',*,*,#1884,.T.);
#2655=ORIENTED_EDGE('',*,*,#1885,.F.);
#2656=ORIENTED_EDGE('',*,*,#1886,.F.);
#2657=ORIENTED_EDGE('',*,*,#1887,.F.);
#2658=ORIENTED_EDGE('',*,*,#1888,.T.);
#2659=ORIENTED_EDGE('',*,*,#1889,.T.);
#2660=ORIENTED_EDGE('',*,*,#1886,.T.);
#2661=ORIENTED_EDGE('',*,*,#1890,.T.);
#2662=ORIENTED_EDGE('',*,*,#1891,.F.);
#2663=ORIENTED_EDGE('',*,*,#1892,.F.);
#2664=ORIENTED_EDGE('',*,*,#1893,.F.);
#2665=ORIENTED_EDGE('',*,*,#1894,.T.);
#2666=ORIENTED_EDGE('',*,*,#1895,.T.);
#2667=ORIENTED_EDGE('',*,*,#1892,.T.);
#2668=ORIENTED_EDGE('',*,*,#1896,.T.);
#2669=ORIENTED_EDGE('',*,*,#1876,.T.);
#2670=ORIENTED_EDGE('',*,*,#1897,.T.);
#2671=ORIENTED_EDGE('',*,*,#1893,.T.);
#2672=ORIENTED_EDGE('',*,*,#1898,.T.);
#2673=ORIENTED_EDGE('',*,*,#1899,.F.);
#2674=ORIENTED_EDGE('',*,*,#1900,.F.);
#2675=ORIENTED_EDGE('',*,*,#1901,.F.);
#2676=ORIENTED_EDGE('',*,*,#1902,.T.);
#2677=ORIENTED_EDGE('',*,*,#1903,.T.);
#2678=ORIENTED_EDGE('',*,*,#1904,.T.);
#2679=ORIENTED_EDGE('',*,*,#1900,.T.);
#2680=ORIENTED_EDGE('',*,*,#1905,.T.);
#2681=ORIENTED_EDGE('',*,*,#1891,.T.);
#2682=ORIENTED_EDGE('',*,*,#1906,.T.);
#2683=ORIENTED_EDGE('',*,*,#1901,.T.);
#2684=ORIENTED_EDGE('',*,*,#1907,.T.);
#2685=ORIENTED_EDGE('',*,*,#1872,.F.);
#2686=ORIENTED_EDGE('',*,*,#1908,.F.);
#2687=ORIENTED_EDGE('',*,*,#1909,.F.);
#2688=ORIENTED_EDGE('',*,*,#1910,.T.);
#2689=ORIENTED_EDGE('',*,*,#1911,.T.);
#2690=ORIENTED_EDGE('',*,*,#1908,.T.);
#2691=ORIENTED_EDGE('',*,*,#1875,.T.);
#2692=ORIENTED_EDGE('',*,*,#1899,.T.);
#2693=ORIENTED_EDGE('',*,*,#1912,.T.);
#2694=ORIENTED_EDGE('',*,*,#1909,.T.);
#2695=ORIENTED_EDGE('',*,*,#1913,.T.);
#2696=ORIENTED_EDGE('',*,*,#1870,.F.);
#2697=ORIENTED_EDGE('',*,*,#1914,.T.);
#2698=ORIENTED_EDGE('',*,*,#1887,.T.);
#2699=ORIENTED_EDGE('',*,*,#1915,.T.);
#2700=ORIENTED_EDGE('',*,*,#1916,.T.);
#2701=ORIENTED_EDGE('',*,*,#1917,.T.);
#2702=ORIENTED_EDGE('',*,*,#1885,.T.);
#2703=ORIENTED_EDGE('',*,*,#1918,.T.);
#2704=ORIENTED_EDGE('',*,*,#1884,.F.);
#2705=ORIENTED_EDGE('',*,*,#1880,.F.);
#2706=ORIENTED_EDGE('',*,*,#1919,.T.);
#2707=ORIENTED_EDGE('',*,*,#1920,.T.);
#2708=ORIENTED_EDGE('',*,*,#1881,.F.);
#2709=ORIENTED_EDGE('',*,*,#1898,.F.);
#2710=ORIENTED_EDGE('',*,*,#1895,.F.);
#2711=ORIENTED_EDGE('',*,*,#1921,.F.);
#2712=ORIENTED_EDGE('',*,*,#1896,.F.);
#2713=ORIENTED_EDGE('',*,*,#1907,.F.);
#2714=ORIENTED_EDGE('',*,*,#1904,.F.);
#2715=ORIENTED_EDGE('',*,*,#1922,.T.);
#2716=ORIENTED_EDGE('',*,*,#1905,.F.);
#2717=ORIENTED_EDGE('',*,*,#1913,.F.);
#2718=ORIENTED_EDGE('',*,*,#1911,.F.);
#2719=ORIENTED_EDGE('',*,*,#1923,.T.);
#2720=ORIENTED_EDGE('',*,*,#1879,.F.);
#2721=ORIENTED_EDGE('',*,*,#1921,.T.);
#2722=ORIENTED_EDGE('',*,*,#1894,.F.);
#2723=ORIENTED_EDGE('',*,*,#1922,.F.);
#2724=ORIENTED_EDGE('',*,*,#1903,.F.);
#2725=ORIENTED_EDGE('',*,*,#1923,.F.);
#2726=ORIENTED_EDGE('',*,*,#1910,.F.);
#2727=ORIENTED_EDGE('',*,*,#1874,.F.);
#2728=ORIENTED_EDGE('',*,*,#1865,.F.);
#2729=ORIENTED_EDGE('',*,*,#1924,.F.);
#2730=ORIENTED_EDGE('',*,*,#1888,.F.);
#2731=ORIENTED_EDGE('',*,*,#1925,.F.);
#2732=ORIENTED_EDGE('',*,*,#1926,.F.);
#2733=ORIENTED_EDGE('',*,*,#1919,.F.);
#2734=ORIENTED_EDGE('',*,*,#1868,.F.);
#2735=ORIENTED_EDGE('',*,*,#1915,.F.);
#2736=ORIENTED_EDGE('',*,*,#1889,.F.);
#2737=ORIENTED_EDGE('',*,*,#1924,.T.);
#2738=ORIENTED_EDGE('',*,*,#1917,.F.);
#2739=ORIENTED_EDGE('',*,*,#1927,.F.);
#2740=ORIENTED_EDGE('',*,*,#1925,.T.);
#2741=ORIENTED_EDGE('',*,*,#1890,.F.);
#2742=ORIENTED_EDGE('',*,*,#1882,.F.);
#2743=ORIENTED_EDGE('',*,*,#1920,.F.);
#2744=ORIENTED_EDGE('',*,*,#1926,.T.);
#2745=ORIENTED_EDGE('',*,*,#1927,.T.);
#2746=ORIENTED_EDGE('',*,*,#1916,.F.);
#2747=ORIENTED_EDGE('',*,*,#1928,.F.);
#2748=ORIENTED_EDGE('',*,*,#1883,.F.);
#2749=ORIENTED_EDGE('',*,*,#1928,.T.);
#2750=ORIENTED_EDGE('',*,*,#1918,.F.);
#2751=ORIENTED_EDGE('',*,*,#1914,.F.);
#2752=ORIENTED_EDGE('',*,*,#1873,.F.);
#2753=ORIENTED_EDGE('',*,*,#1912,.F.);
#2754=ORIENTED_EDGE('',*,*,#1902,.F.);
#2755=ORIENTED_EDGE('',*,*,#1906,.F.);
#2756=ORIENTED_EDGE('',*,*,#1897,.F.);
#2757=ORIENTED_EDGE('',*,*,#1929,.F.);
#2758=ORIENTED_EDGE('',*,*,#1930,.T.);
#2759=ORIENTED_EDGE('',*,*,#1931,.F.);
#2760=ORIENTED_EDGE('',*,*,#1932,.F.);
#2761=ORIENTED_EDGE('',*,*,#1933,.F.);
#2762=ORIENTED_EDGE('',*,*,#1932,.T.);
#2763=ORIENTED_EDGE('',*,*,#1934,.F.);
#2764=ORIENTED_EDGE('',*,*,#1935,.F.);
#2765=ORIENTED_EDGE('',*,*,#1936,.F.);
#2766=ORIENTED_EDGE('',*,*,#1935,.T.);
#2767=ORIENTED_EDGE('',*,*,#1937,.F.);
#2768=ORIENTED_EDGE('',*,*,#1938,.F.);
#2769=ORIENTED_EDGE('',*,*,#1939,.F.);
#2770=ORIENTED_EDGE('',*,*,#1938,.T.);
#2771=ORIENTED_EDGE('',*,*,#1940,.F.);
#2772=ORIENTED_EDGE('',*,*,#1930,.F.);
#2773=ORIENTED_EDGE('',*,*,#1940,.T.);
#2774=ORIENTED_EDGE('',*,*,#1937,.T.);
#2775=ORIENTED_EDGE('',*,*,#1934,.T.);
#2776=ORIENTED_EDGE('',*,*,#1931,.T.);
#2777=ORIENTED_EDGE('',*,*,#1939,.T.);
#2778=ORIENTED_EDGE('',*,*,#1929,.T.);
#2779=ORIENTED_EDGE('',*,*,#1933,.T.);
#2780=ORIENTED_EDGE('',*,*,#1936,.T.);
#2781=ORIENTED_EDGE('',*,*,#1941,.F.);
#2782=ORIENTED_EDGE('',*,*,#1942,.T.);
#2783=ORIENTED_EDGE('',*,*,#1943,.F.);
#2784=ORIENTED_EDGE('',*,*,#1944,.F.);
#2785=ORIENTED_EDGE('',*,*,#1945,.F.);
#2786=ORIENTED_EDGE('',*,*,#1944,.T.);
#2787=ORIENTED_EDGE('',*,*,#1946,.F.);
#2788=ORIENTED_EDGE('',*,*,#1947,.F.);
#2789=ORIENTED_EDGE('',*,*,#1948,.F.);
#2790=ORIENTED_EDGE('',*,*,#1947,.T.);
#2791=ORIENTED_EDGE('',*,*,#1949,.F.);
#2792=ORIENTED_EDGE('',*,*,#1950,.F.);
#2793=ORIENTED_EDGE('',*,*,#1951,.F.);
#2794=ORIENTED_EDGE('',*,*,#1950,.T.);
#2795=ORIENTED_EDGE('',*,*,#1952,.F.);
#2796=ORIENTED_EDGE('',*,*,#1942,.F.);
#2797=ORIENTED_EDGE('',*,*,#1952,.T.);
#2798=ORIENTED_EDGE('',*,*,#1949,.T.);
#2799=ORIENTED_EDGE('',*,*,#1946,.T.);
#2800=ORIENTED_EDGE('',*,*,#1943,.T.);
#2801=ORIENTED_EDGE('',*,*,#1951,.T.);
#2802=ORIENTED_EDGE('',*,*,#1941,.T.);
#2803=ORIENTED_EDGE('',*,*,#1945,.T.);
#2804=ORIENTED_EDGE('',*,*,#1948,.T.);
#2805=ORIENTED_EDGE('',*,*,#1953,.F.);
#2806=ORIENTED_EDGE('',*,*,#1954,.T.);
#2807=ORIENTED_EDGE('',*,*,#1955,.F.);
#2808=ORIENTED_EDGE('',*,*,#1956,.F.);
#2809=ORIENTED_EDGE('',*,*,#1957,.F.);
#2810=ORIENTED_EDGE('',*,*,#1956,.T.);
#2811=ORIENTED_EDGE('',*,*,#1958,.F.);
#2812=ORIENTED_EDGE('',*,*,#1959,.F.);
#2813=ORIENTED_EDGE('',*,*,#1960,.F.);
#2814=ORIENTED_EDGE('',*,*,#1959,.T.);
#2815=ORIENTED_EDGE('',*,*,#1961,.F.);
#2816=ORIENTED_EDGE('',*,*,#1962,.F.);
#2817=ORIENTED_EDGE('',*,*,#1963,.F.);
#2818=ORIENTED_EDGE('',*,*,#1962,.T.);
#2819=ORIENTED_EDGE('',*,*,#1964,.F.);
#2820=ORIENTED_EDGE('',*,*,#1954,.F.);
#2821=ORIENTED_EDGE('',*,*,#1964,.T.);
#2822=ORIENTED_EDGE('',*,*,#1961,.T.);
#2823=ORIENTED_EDGE('',*,*,#1958,.T.);
#2824=ORIENTED_EDGE('',*,*,#1955,.T.);
#2825=ORIENTED_EDGE('',*,*,#1963,.T.);
#2826=ORIENTED_EDGE('',*,*,#1953,.T.);
#2827=ORIENTED_EDGE('',*,*,#1957,.T.);
#2828=ORIENTED_EDGE('',*,*,#1960,.T.);
#2829=CYLINDRICAL_SURFACE('',#3070,2.);
#2830=CYLINDRICAL_SURFACE('',#3076,2.);
#2831=CYLINDRICAL_SURFACE('',#3083,2.);
#2832=CYLINDRICAL_SURFACE('',#3090,2.);
#2833=CYLINDRICAL_SURFACE('',#3095,19.);
#2834=CYLINDRICAL_SURFACE('',#3100,2.);
#2835=CYLINDRICAL_SURFACE('',#3107,2.);
#2836=CYLINDRICAL_SURFACE('',#3113,2.);
#2837=CYLINDRICAL_SURFACE('',#3119,2.);
#2838=CYLINDRICAL_SURFACE('',#3124,2.);
#2839=CYLINDRICAL_SURFACE('',#3131,2.);
#2840=CYLINDRICAL_SURFACE('',#3137,2.);
#2841=CYLINDRICAL_SURFACE('',#3143,2.);
#2842=CYLINDRICAL_SURFACE('',#3146,20.);
#2843=CYLINDRICAL_SURFACE('',#3149,2.);
#2844=CYLINDRICAL_SURFACE('',#3152,20.);
#2845=CYLINDRICAL_SURFACE('',#3157,2.);
#2846=CYLINDRICAL_SURFACE('',#3163,2.);
#2847=CYLINDRICAL_SURFACE('',#3169,2.);
#2848=CYLINDRICAL_SURFACE('',#3175,2.);
#2849=CYLINDRICAL_SURFACE('',#3179,2.);
#2850=CYLINDRICAL_SURFACE('',#3182,2.);
#2851=CYLINDRICAL_SURFACE('',#3186,2.);
#2852=CYLINDRICAL_SURFACE('',#3209,5.);
#2853=CYLINDRICAL_SURFACE('',#3218,5.);
#2854=CYLINDRICAL_SURFACE('',#3220,5.);
#2855=CYLINDRICAL_SURFACE('',#3223,5.);
#2856=CYLINDRICAL_SURFACE('',#3228,3.7762957080914);
#2857=CYLINDRICAL_SURFACE('',#3245,20.);
#2858=CYLINDRICAL_SURFACE('',#3252,20.);
#2859=CYLINDRICAL_SURFACE('',#3254,20.);
#2860=CYLINDRICAL_SURFACE('',#3259,20.);
#2861=CYLINDRICAL_SURFACE('',#3261,20.);
#2862=CYLINDRICAL_SURFACE('',#3268,20.);
#2863=CYLINDRICAL_SURFACE('',#3270,20.);
#2864=CYLINDRICAL_SURFACE('',#3282,2.);
#2865=CYLINDRICAL_SURFACE('',#3285,2.);
#2866=CYLINDRICAL_SURFACE('',#3292,2.);
#2867=CYLINDRICAL_SURFACE('',#3294,2.);
#2868=CYLINDRICAL_SURFACE('',#3300,2.);
#2869=CYLINDRICAL_SURFACE('',#3306,2.);
#2870=CYLINDRICAL_SURFACE('',#3308,2.);
#2871=CYLINDRICAL_SURFACE('',#3314,2.);
#2872=CYLINDRICAL_SURFACE('',#3316,2.);
#2873=CYLINDRICAL_SURFACE('',#3320,2.);
#2874=CYLINDRICAL_SURFACE('',#3322,2.);
#2875=CYLINDRICAL_SURFACE('',#3323,2.);
#2876=CYLINDRICAL_SURFACE('',#3324,2.);
#2877=ADVANCED_FACE('',(#157),#2829,.F.);
#2878=ADVANCED_FACE('',(#158),#46,.F.);
#2879=ADVANCED_FACE('',(#159),#2830,.T.);
#2880=ADVANCED_FACE('',(#160),#47,.F.);
#2881=ADVANCED_FACE('',(#161),#48,.F.);
#2882=ADVANCED_FACE('',(#162),#2831,.T.);
#2883=ADVANCED_FACE('',(#163),#49,.T.);
#2884=ADVANCED_FACE('',(#164),#50,.T.);
#2885=ADVANCED_FACE('',(#165),#2832,.T.);
#2886=ADVANCED_FACE('',(#166),#51,.F.);
#2887=ADVANCED_FACE('',(#167),#52,.F.);
#2888=ADVANCED_FACE('',(#168),#2833,.T.);
#2889=ADVANCED_FACE('',(#169),#53,.F.);
#2890=ADVANCED_FACE('',(#170),#54,.T.);
#2891=ADVANCED_FACE('',(#171),#2834,.T.);
#2892=ADVANCED_FACE('',(#172),#36,.T.);
#2893=ADVANCED_FACE('',(#173),#2835,.T.);
#2894=ADVANCED_FACE('',(#174),#37,.T.);
#2895=ADVANCED_FACE('',(#175),#2836,.T.);
#2896=ADVANCED_FACE('',(#176),#38,.T.);
#2897=ADVANCED_FACE('',(#177),#2837,.T.);
#2898=ADVANCED_FACE('',(#178,#32),#55,.T.);
#2899=ADVANCED_FACE('',(#179),#56,.T.);
#2900=ADVANCED_FACE('',(#180),#57,.T.);
#2901=ADVANCED_FACE('',(#181),#2838,.T.);
#2902=ADVANCED_FACE('',(#182),#39,.T.);
#2903=ADVANCED_FACE('',(#183),#2839,.T.);
#2904=ADVANCED_FACE('',(#184),#40,.T.);
#2905=ADVANCED_FACE('',(#185),#2840,.T.);
#2906=ADVANCED_FACE('',(#186),#41,.T.);
#2907=ADVANCED_FACE('',(#187),#2841,.T.);
#2908=ADVANCED_FACE('',(#188),#58,.T.);
#2909=ADVANCED_FACE('',(#189),#2842,.T.);
#2910=ADVANCED_FACE('',(#190),#59,.F.);
#2911=ADVANCED_FACE('',(#191),#2843,.F.);
#2912=ADVANCED_FACE('',(#192),#60,.F.);
#2913=ADVANCED_FACE('',(#193),#2844,.T.);
#2914=ADVANCED_FACE('',(#194),#61,.T.);
#2915=ADVANCED_FACE('',(#195),#62,.T.);
#2916=ADVANCED_FACE('',(#196),#2845,.T.);
#2917=ADVANCED_FACE('',(#197),#42,.T.);
#2918=ADVANCED_FACE('',(#198),#2846,.T.);
#2919=ADVANCED_FACE('',(#199),#43,.T.);
#2920=ADVANCED_FACE('',(#200),#2847,.T.);
#2921=ADVANCED_FACE('',(#201),#44,.T.);
#2922=ADVANCED_FACE('',(#202),#2848,.T.);
#2923=ADVANCED_FACE('',(#203),#63,.T.);
#2924=ADVANCED_FACE('',(#204),#64,.T.);
#2925=ADVANCED_FACE('',(#205),#2849,.F.);
#2926=ADVANCED_FACE('',(#206),#65,.F.);
#2927=ADVANCED_FACE('',(#207),#2850,.F.);
#2928=ADVANCED_FACE('',(#208),#66,.F.);
#2929=ADVANCED_FACE('',(#209),#2851,.F.);
#2930=ADVANCED_FACE('',(#210),#67,.F.);
#2931=ADVANCED_FACE('',(#211),#68,.T.);
#2932=ADVANCED_FACE('',(#212),#69,.T.);
#2933=ADVANCED_FACE('',(#213),#70,.F.);
#2934=ADVANCED_FACE('',(#214),#71,.T.);
#2935=ADVANCED_FACE('',(#215),#72,.T.);
#2936=ADVANCED_FACE('',(#216),#73,.T.);
#2937=ADVANCED_FACE('',(#217),#74,.T.);
#2938=ADVANCED_FACE('',(#218),#75,.T.);
#2939=ADVANCED_FACE('',(#219),#76,.T.);
#2940=ADVANCED_FACE('',(#220),#77,.T.);
#2941=ADVANCED_FACE('',(#221),#78,.T.);
#2942=ADVANCED_FACE('',(#222),#79,.T.);
#2943=ADVANCED_FACE('',(#223),#80,.T.);
#2944=ADVANCED_FACE('',(#224),#81,.T.);
#2945=ADVANCED_FACE('',(#225),#82,.T.);
#2946=ADVANCED_FACE('',(#226),#83,.T.);
#2947=ADVANCED_FACE('',(#227),#84,.T.);
#2948=ADVANCED_FACE('',(#228),#85,.T.);
#2949=ADVANCED_FACE('',(#229),#86,.T.);
#2950=ADVANCED_FACE('',(#230),#87,.F.);
#2951=ADVANCED_FACE('',(#231),#2852,.T.);
#2952=ADVANCED_FACE('',(#232,#33),#88,.F.);
#2953=ADVANCED_FACE('',(#233),#89,.T.);
#2954=ADVANCED_FACE('',(#234),#2853,.T.);
#2955=ADVANCED_FACE('',(#235),#2854,.T.);
#2956=ADVANCED_FACE('',(#236),#90,.T.);
#2957=ADVANCED_FACE('',(#237),#2855,.T.);
#2958=ADVANCED_FACE('',(#238),#91,.T.);
#2959=ADVANCED_FACE('',(#239),#92,.T.);
#2960=ADVANCED_FACE('',(#240),#93,.T.);
#2961=ADVANCED_FACE('',(#241),#2856,.T.);
#2962=ADVANCED_FACE('',(#242,#34),#94,.T.);
#2963=ADVANCED_FACE('',(#243),#95,.F.);
#2964=ADVANCED_FACE('',(#244),#96,.F.);
#2965=ADVANCED_FACE('',(#245),#97,.T.);
#2966=ADVANCED_FACE('',(#246),#98,.T.);
#2967=ADVANCED_FACE('',(#247),#99,.T.);
#2968=ADVANCED_FACE('',(#248),#100,.T.);
#2969=ADVANCED_FACE('',(#249),#101,.F.);
#2970=ADVANCED_FACE('',(#250),#102,.T.);
#2971=ADVANCED_FACE('',(#251),#103,.T.);
#2972=ADVANCED_FACE('',(#252),#104,.T.);
#2973=ADVANCED_FACE('',(#253),#105,.T.);
#2974=ADVANCED_FACE('',(#254),#106,.T.);
#2975=ADVANCED_FACE('',(#255),#107,.T.);
#2976=ADVANCED_FACE('',(#256),#108,.T.);
#2977=ADVANCED_FACE('',(#257),#2857,.T.);
#2978=ADVANCED_FACE('',(#258),#109,.F.);
#2979=ADVANCED_FACE('',(#259),#110,.T.);
#2980=ADVANCED_FACE('',(#260),#2858,.T.);
#2981=ADVANCED_FACE('',(#261),#2859,.T.);
#2982=ADVANCED_FACE('',(#262),#111,.F.);
#2983=ADVANCED_FACE('',(#263),#112,.F.);
#2984=ADVANCED_FACE('',(#264,#35),#113,.T.);
#2985=ADVANCED_FACE('',(#265),#2860,.T.);
#2986=ADVANCED_FACE('',(#266),#2861,.T.);
#2987=ADVANCED_FACE('',(#267),#114,.F.);
#2988=ADVANCED_FACE('',(#268),#115,.T.);
#2989=ADVANCED_FACE('',(#269),#116,.T.);
#2990=ADVANCED_FACE('',(#270),#117,.T.);
#2991=ADVANCED_FACE('',(#271),#118,.F.);
#2992=ADVANCED_FACE('',(#272),#2862,.T.);
#2993=ADVANCED_FACE('',(#273),#2863,.T.);
#2994=ADVANCED_FACE('',(#274),#119,.F.);
#2995=ADVANCED_FACE('',(#275),#120,.T.);
#2996=ADVANCED_FACE('',(#276),#121,.T.);
#2997=ADVANCED_FACE('',(#277),#122,.T.);
#2998=ADVANCED_FACE('',(#278),#123,.T.);
#2999=ADVANCED_FACE('',(#279),#124,.T.);
#3000=ADVANCED_FACE('',(#280),#125,.T.);
#3001=ADVANCED_FACE('',(#281),#126,.T.);
#3002=ADVANCED_FACE('',(#282),#127,.T.);
#3003=ADVANCED_FACE('',(#283),#128,.T.);
#3004=ADVANCED_FACE('',(#284),#2864,.F.);
#3005=ADVANCED_FACE('',(#285),#19,.T.);
#3006=ADVANCED_FACE('',(#286),#2865,.T.);
#3007=ADVANCED_FACE('',(#287),#129,.T.);
#3008=ADVANCED_FACE('',(#288),#13,.T.);
#3009=ADVANCED_FACE('',(#289),#2866,.T.);
#3010=ADVANCED_FACE('',(#290),#2867,.T.);
#3011=ADVANCED_FACE('',(#291),#14,.T.);
#3012=ADVANCED_FACE('',(#292),#2868,.T.);
#3013=ADVANCED_FACE('',(#293),#15,.T.);
#3014=ADVANCED_FACE('',(#294),#2869,.T.);
#3015=ADVANCED_FACE('',(#295),#2870,.T.);
#3016=ADVANCED_FACE('',(#296),#45,.T.);
#3017=ADVANCED_FACE('',(#297),#2871,.F.);
#3018=ADVANCED_FACE('',(#298),#2872,.T.);
#3019=ADVANCED_FACE('',(#299),#16,.T.);
#3020=ADVANCED_FACE('',(#300),#2873,.T.);
#3021=ADVANCED_FACE('',(#301),#2874,.T.);
#3022=ADVANCED_FACE('',(#302),#2875,.T.);
#3023=ADVANCED_FACE('',(#303),#2876,.T.);
#3024=ADVANCED_FACE('',(#304),#130,.T.);
#3025=ADVANCED_FACE('',(#305),#131,.T.);
#3026=ADVANCED_FACE('',(#306),#132,.T.);
#3027=ADVANCED_FACE('',(#307),#133,.T.);
#3028=ADVANCED_FACE('',(#308),#134,.F.);
#3029=ADVANCED_FACE('',(#309),#135,.T.);
#3030=ADVANCED_FACE('',(#310),#136,.T.);
#3031=ADVANCED_FACE('',(#311),#137,.T.);
#3032=ADVANCED_FACE('',(#312),#138,.T.);
#3033=ADVANCED_FACE('',(#313),#139,.T.);
#3034=ADVANCED_FACE('',(#314),#140,.T.);
#3035=ADVANCED_FACE('',(#315),#141,.T.);
#3036=ADVANCED_FACE('',(#316),#142,.T.);
#3037=ADVANCED_FACE('',(#317),#143,.T.);
#3038=ADVANCED_FACE('',(#318),#144,.F.);
#3039=ADVANCED_FACE('',(#319),#145,.T.);
#3040=ADVANCED_FACE('',(#320),#146,.T.);
#3041=ADVANCED_FACE('',(#321),#147,.T.);
#3042=ADVANCED_FACE('',(#322),#148,.T.);
#3043=ADVANCED_FACE('',(#323),#149,.T.);
#3044=ADVANCED_FACE('',(#324),#150,.F.);
#3045=ADVANCED_FACE('',(#325),#151,.T.);
#3046=ADVANCED_FACE('',(#326),#152,.T.);
#3047=ADVANCED_FACE('',(#327),#153,.T.);
#3048=ADVANCED_FACE('',(#328),#154,.T.);
#3049=ADVANCED_FACE('',(#329),#155,.T.);
#3050=ADVANCED_FACE('',(#330),#156,.F.);
#3051=CLOSED_SHELL('',(#2877,#2878,#2879,#2880,#2881,#2882,#2883,#2884,
#2885,#2886,#2887,#2888,#2889,#2890,#2891,#2892,#2893,#2894,#2895,#2896,
#2897,#2898,#2899,#2900,#2901,#2902,#2903,#2904,#2905,#2906,#2907,#2908,
#2909,#2910,#2911,#2912,#2913,#2914,#2915,#2916,#2917,#2918,#2919,#2920,
#2921,#2922,#2923,#2924,#2925,#2926,#2927,#2928,#2929,#2930,#2931,#2932,
#2933,#2934,#2935,#2936,#2937,#2938,#2939,#2940,#2941,#2942,#2943,#2944,
#2945,#2946,#2947,#2948,#2949,#2950,#2951,#2952,#2953,#2954,#2955,#2956,
#2957,#2958,#2959,#2960,#2961,#2962,#2963,#2964,#2965,#2966,#2967,#2968,
#2969,#2970,#2971,#2972,#2973,#2974,#2975,#2976,#2977,#2978,#2979,#2980,
#2981,#2982,#2983,#2984,#2985,#2986,#2987,#2988,#2989,#2990,#2991,#2992,
#2993,#2994,#2995,#2996,#2997));
#3052=CLOSED_SHELL('',(#2998,#2999,#3000,#3001,#3002,#3003));
#3053=CLOSED_SHELL('',(#3004,#3005,#3006,#3007,#3008,#3009,#3010,#3011,
#3012,#3013,#3014,#3015,#3016,#3017,#3018,#3019,#3020,#3021,#3022,#3023,
#3024,#3025,#3026,#3027,#3028,#3029,#3030,#3031,#3032));
#3054=CLOSED_SHELL('',(#3033,#3034,#3035,#3036,#3037,#3038));
#3055=CLOSED_SHELL('',(#3039,#3040,#3041,#3042,#3043,#3044));
#3056=CLOSED_SHELL('',(#3045,#3046,#3047,#3048,#3049,#3050));
#3057=DERIVED_UNIT_ELEMENT(#3059,1.);
#3058=DERIVED_UNIT_ELEMENT(#5208,-3.);
#3059=(
MASS_UNIT()
NAMED_UNIT(*)
SI_UNIT(.KILO.,.GRAM.)
);
#3060=DERIVED_UNIT((#3057,#3058));
#3061=MEASURE_REPRESENTATION_ITEM('density measure',
POSITIVE_RATIO_MEASURE(7850.),#3060);
#3062=PROPERTY_DEFINITION_REPRESENTATION(#3067,#3064);
#3063=PROPERTY_DEFINITION_REPRESENTATION(#3068,#3065);
#3064=REPRESENTATION('material name',(#3066),#5205);
#3065=REPRESENTATION('density',(#3061),#5205);
#3066=DESCRIPTIVE_REPRESENTATION_ITEM('Steel','Steel');
#3067=PROPERTY_DEFINITION('material property','material name',#5215);
#3068=PROPERTY_DEFINITION('material property','density of part',#5215);
#3069=AXIS2_PLACEMENT_3D('',#4241,#3353,#3354);
#3070=AXIS2_PLACEMENT_3D('',#4242,#3355,#3356);
#3071=AXIS2_PLACEMENT_3D('',#4245,#3357,#3358);
#3072=AXIS2_PLACEMENT_3D('',#4249,#3360,#3361);
#3073=AXIS2_PLACEMENT_3D('',#4251,#3362,#3363);
#3074=AXIS2_PLACEMENT_3D('',#4254,#3365,#3366);
#3075=AXIS2_PLACEMENT_3D('',#4255,#3367,#3368);
#3076=AXIS2_PLACEMENT_3D('',#4261,#3372,#3373);
#3077=AXIS2_PLACEMENT_3D('',#4264,#3374,#3375);
#3078=AXIS2_PLACEMENT_3D('',#4268,#3377,#3378);
#3079=AXIS2_PLACEMENT_3D('',#4271,#3380,#3381);
#3080=AXIS2_PLACEMENT_3D('',#4272,#3382,#3383);
#3081=AXIS2_PLACEMENT_3D('',#4281,#3389,#3390);
#3082=AXIS2_PLACEMENT_3D('',#4283,#3391,#3392);
#3083=AXIS2_PLACEMENT_3D('',#4285,#3394,#3395);
#3084=AXIS2_PLACEMENT_3D('',#4287,#3396,#3397);
#3085=AXIS2_PLACEMENT_3D('',#4291,#3399,#3400);
#3086=AXIS2_PLACEMENT_3D('',#4293,#3401,#3402);
#3087=AXIS2_PLACEMENT_3D('',#4295,#3404,#3405);
#3088=AXIS2_PLACEMENT_3D('',#4306,#3411,#3412);
#3089=AXIS2_PLACEMENT_3D('',#4307,#3413,#3414);
#3090=AXIS2_PLACEMENT_3D('',#4311,#3417,#3418);
#3091=AXIS2_PLACEMENT_3D('',#4313,#3419,#3420);
#3092=AXIS2_PLACEMENT_3D('',#4317,#3422,#3423);
#3093=AXIS2_PLACEMENT_3D('',#4319,#3425,#3426);
#3094=AXIS2_PLACEMENT_3D('',#4322,#3429,#3430);
#3095=AXIS2_PLACEMENT_3D('',#4330,#3435,#3436);
#3096=AXIS2_PLACEMENT_3D('',#4333,#3437,#3438);
#3097=AXIS2_PLACEMENT_3D('',#4337,#3440,#3441);
#3098=AXIS2_PLACEMENT_3D('',#4339,#3443,#3444);
#3099=AXIS2_PLACEMENT_3D('',#4356,#3454,#3455);
#3100=AXIS2_PLACEMENT_3D('',#4360,#3458,#3459);
#3101=AXIS2_PLACEMENT_3D('',#4363,#3460,#3461);
#3102=AXIS2_PLACEMENT_3D('',#4367,#3463,#3464);
#3103=AXIS2_PLACEMENT_3D('',#4369,#3466,#3467);
#3104=AXIS2_PLACEMENT_3D('',#4372,#3468,#3469);
#3105=AXIS2_PLACEMENT_3D('',#4373,#3470,#3471);
#3106=AXIS2_PLACEMENT_3D('',#4374,#3472,#3473);
#3107=AXIS2_PLACEMENT_3D('',#4375,#3474,#3475);
#3108=AXIS2_PLACEMENT_3D('',#4378,#3476,#3477);
#3109=AXIS2_PLACEMENT_3D('',#4381,#3480,#3481);
#3110=AXIS2_PLACEMENT_3D('',#4384,#3482,#3483);
#3111=AXIS2_PLACEMENT_3D('',#4385,#3484,#3485);
#3112=AXIS2_PLACEMENT_3D('',#4386,#3486,#3487);
#3113=AXIS2_PLACEMENT_3D('',#4387,#3488,#3489);
#3114=AXIS2_PLACEMENT_3D('',#4390,#3490,#3491);
#3115=AXIS2_PLACEMENT_3D('',#4393,#3494,#3495);
#3116=AXIS2_PLACEMENT_3D('',#4396,#3496,#3497);
#3117=AXIS2_PLACEMENT_3D('',#4397,#3498,#3499);
#3118=AXIS2_PLACEMENT_3D('',#4398,#3500,#3501);
#3119=AXIS2_PLACEMENT_3D('',#4399,#3502,#3503);
#3120=AXIS2_PLACEMENT_3D('',#4402,#3504,#3505);
#3121=AXIS2_PLACEMENT_3D('',#4405,#3508,#3509);
#3122=AXIS2_PLACEMENT_3D('',#4414,#3515,#3516);
#3123=AXIS2_PLACEMENT_3D('',#4420,#3520,#3521);
#3124=AXIS2_PLACEMENT_3D('',#4424,#3524,#3525);
#3125=AXIS2_PLACEMENT_3D('',#4427,#3526,#3527);
#3126=AXIS2_PLACEMENT_3D('',#4431,#3529,#3530);
#3127=AXIS2_PLACEMENT_3D('',#4433,#3532,#3533);
#3128=AXIS2_PLACEMENT_3D('',#4436,#3534,#3535);
#3129=AXIS2_PLACEMENT_3D('',#4437,#3536,#3537);
#3130=AXIS2_PLACEMENT_3D('',#4438,#3538,#3539);
#3131=AXIS2_PLACEMENT_3D('',#4439,#3540,#3541);
#3132=AXIS2_PLACEMENT_3D('',#4442,#3542,#3543);
#3133=AXIS2_PLACEMENT_3D('',#4445,#3546,#3547);
#3134=AXIS2_PLACEMENT_3D('',#4448,#3548,#3549);
#3135=AXIS2_PLACEMENT_3D('',#4449,#3550,#3551);
#3136=AXIS2_PLACEMENT_3D('',#4450,#3552,#3553);
#3137=AXIS2_PLACEMENT_3D('',#4451,#3554,#3555);
#3138=AXIS2_PLACEMENT_3D('',#4454,#3556,#3557);
#3139=AXIS2_PLACEMENT_3D('',#4457,#3560,#3561);
#3140=AXIS2_PLACEMENT_3D('',#4460,#3562,#3563);
#3141=AXIS2_PLACEMENT_3D('',#4461,#3564,#3565);
#3142=AXIS2_PLACEMENT_3D('',#4462,#3566,#3567);
#3143=AXIS2_PLACEMENT_3D('',#4463,#3568,#3569);
#3144=AXIS2_PLACEMENT_3D('',#4466,#3570,#3571);
#3145=AXIS2_PLACEMENT_3D('',#4469,#3574,#3575);
#3146=AXIS2_PLACEMENT_3D('',#4493,#3588,#3589);
#3147=AXIS2_PLACEMENT_3D('',#4496,#3591,#3592);
#3148=AXIS2_PLACEMENT_3D('',#4497,#3593,#3594);
#3149=AXIS2_PLACEMENT_3D('',#4501,#3597,#3598);
#3150=AXIS2_PLACEMENT_3D('',#4504,#3600,#3601);
#3151=AXIS2_PLACEMENT_3D('',#4505,#3602,#3603);
#3152=AXIS2_PLACEMENT_3D('',#4509,#3606,#3607);
#3153=AXIS2_PLACEMENT_3D('',#4512,#3609,#3610);
#3154=AXIS2_PLACEMENT_3D('',#4513,#3611,#3612);
#3155=AXIS2_PLACEMENT_3D('',#4517,#3615,#3616);
#3156=AXIS2_PLACEMENT_3D('',#4525,#3620,#3621);
#3157=AXIS2_PLACEMENT_3D('',#4545,#3632,#3633);
#3158=AXIS2_PLACEMENT_3D('',#4549,#3635,#3636);
#3159=AXIS2_PLACEMENT_3D('',#4551,#3638,#3639);
#3160=AXIS2_PLACEMENT_3D('',#4554,#3640,#3641);
#3161=AXIS2_PLACEMENT_3D('',#4555,#3642,#3643);
#3162=AXIS2_PLACEMENT_3D('',#4556,#3644,#3645);
#3163=AXIS2_PLACEMENT_3D('',#4557,#3646,#3647);
#3164=AXIS2_PLACEMENT_3D('',#4560,#3648,#3649);
#3165=AXIS2_PLACEMENT_3D('',#4563,#3652,#3653);
#3166=AXIS2_PLACEMENT_3D('',#4566,#3654,#3655);
#3167=AXIS2_PLACEMENT_3D('',#4567,#3656,#3657);
#3168=AXIS2_PLACEMENT_3D('',#4568,#3658,#3659);
#3169=AXIS2_PLACEMENT_3D('',#4569,#3660,#3661);
#3170=AXIS2_PLACEMENT_3D('',#4572,#3662,#3663);
#3171=AXIS2_PLACEMENT_3D('',#4575,#3666,#3667);
#3172=AXIS2_PLACEMENT_3D('',#4577,#3668,#3669);
#3173=AXIS2_PLACEMENT_3D('',#4578,#3670,#3671);
#3174=AXIS2_PLACEMENT_3D('',#4579,#3672,#3673);
#3175=AXIS2_PLACEMENT_3D('',#4580,#3674,#3675);
#3176=AXIS2_PLACEMENT_3D('',#4582,#3676,#3677);
#3177=AXIS2_PLACEMENT_3D('',#4584,#3679,#3680);
#3178=AXIS2_PLACEMENT_3D('',#4586,#3682,#3683);
#3179=AXIS2_PLACEMENT_3D('',#4590,#3686,#3687);
#3180=AXIS2_PLACEMENT_3D('',#4594,#3689,#3690);
#3181=AXIS2_PLACEMENT_3D('',#4596,#3692,#3693);
#3182=AXIS2_PLACEMENT_3D('',#4600,#3696,#3697);
#3183=AXIS2_PLACEMENT_3D('',#4603,#3698,#3699);
#3184=AXIS2_PLACEMENT_3D('',#4607,#3701,#3702);
#3185=AXIS2_PLACEMENT_3D('',#4609,#3704,#3705);
#3186=AXIS2_PLACEMENT_3D('',#4615,#3709,#3710);
#3187=AXIS2_PLACEMENT_3D('',#4619,#3712,#3713);
#3188=AXIS2_PLACEMENT_3D('',#4621,#3715,#3716);
#3189=AXIS2_PLACEMENT_3D('',#4625,#3719,#3720);
#3190=AXIS2_PLACEMENT_3D('',#4629,#3723,#3724);
#3191=AXIS2_PLACEMENT_3D('',#4633,#3727,#3728);
#3192=AXIS2_PLACEMENT_3D('',#4634,#3729,#3730);
#3193=AXIS2_PLACEMENT_3D('',#4636,#3732,#3733);
#3194=AXIS2_PLACEMENT_3D('',#4638,#3735,#3736);
#3195=AXIS2_PLACEMENT_3D('',#4646,#3741,#3742);
#3196=AXIS2_PLACEMENT_3D('',#4650,#3745,#3746);
#3197=AXIS2_PLACEMENT_3D('',#4656,#3750,#3751);
#3198=AXIS2_PLACEMENT_3D('',#4659,#3754,#3755);
#3199=AXIS2_PLACEMENT_3D('',#4663,#3758,#3759);
#3200=AXIS2_PLACEMENT_3D('',#4665,#3761,#3762);
#3201=AXIS2_PLACEMENT_3D('',#4667,#3764,#3765);
#3202=AXIS2_PLACEMENT_3D('',#4671,#3768,#3769);
#3203=AXIS2_PLACEMENT_3D('',#4675,#3772,#3773);
#3204=AXIS2_PLACEMENT_3D('',#4677,#3775,#3776);
#3205=AXIS2_PLACEMENT_3D('',#4679,#3778,#3779);
#3206=AXIS2_PLACEMENT_3D('',#4683,#3782,#3783);
#3207=AXIS2_PLACEMENT_3D('',#4687,#3786,#3787);
#3208=AXIS2_PLACEMENT_3D('',#4689,#3789,#3790);
#3209=AXIS2_PLACEMENT_3D('',#4690,#3791,#3792);
#3210=AXIS2_PLACEMENT_3D('',#4693,#3793,#3794);
#3211=AXIS2_PLACEMENT_3D('',#4697,#3796,#3797);
#3212=AXIS2_PLACEMENT_3D('',#4699,#3799,#3800);
#3213=AXIS2_PLACEMENT_3D('',#4703,#3802,#3803);
#3214=AXIS2_PLACEMENT_3D('',#4707,#3805,#3806);
#3215=AXIS2_PLACEMENT_3D('',#4711,#3808,#3809);
#3216=AXIS2_PLACEMENT_3D('',#4714,#3811,#3812);
#3217=AXIS2_PLACEMENT_3D('',#4715,#3813,#3814);
#3218=AXIS2_PLACEMENT_3D('',#4719,#3817,#3818);
#3219=AXIS2_PLACEMENT_3D('',#4721,#3819,#3820);
#3220=AXIS2_PLACEMENT_3D('',#4723,#3822,#3823);
#3221=AXIS2_PLACEMENT_3D('',#4726,#3824,#3825);
#3222=AXIS2_PLACEMENT_3D('',#4729,#3828,#3829);
#3223=AXIS2_PLACEMENT_3D('',#4733,#3832,#3833);
#3224=AXIS2_PLACEMENT_3D('',#4735,#3834,#3835);
#3225=AXIS2_PLACEMENT_3D('',#4737,#3837,#3838);
#3226=AXIS2_PLACEMENT_3D('',#4739,#3840,#3841);
#3227=AXIS2_PLACEMENT_3D('',#4741,#3843,#3844);
#3228=AXIS2_PLACEMENT_3D('',#4742,#3845,#3846);
#3229=AXIS2_PLACEMENT_3D('',#4745,#3848,#3849);
#3230=AXIS2_PLACEMENT_3D('',#4746,#3850,#3851);
#3231=AXIS2_PLACEMENT_3D('',#4755,#3856,#3857);
#3232=AXIS2_PLACEMENT_3D('',#4764,#3862,#3863);
#3233=AXIS2_PLACEMENT_3D('',#4772,#3868,#3869);
#3234=AXIS2_PLACEMENT_3D('',#4779,#3874,#3875);
#3235=AXIS2_PLACEMENT_3D('',#4783,#3878,#3879);
#3236=AXIS2_PLACEMENT_3D('',#4787,#3882,#3883);
#3237=AXIS2_PLACEMENT_3D('',#4791,#3886,#3887);
#3238=AXIS2_PLACEMENT_3D('',#4803,#3894,#3895);
#3239=AXIS2_PLACEMENT_3D('',#4806,#3898,#3899);
#3240=AXIS2_PLACEMENT_3D('',#4808,#3901,#3902);
#3241=AXIS2_PLACEMENT_3D('',#4814,#3907,#3908);
#3242=AXIS2_PLACEMENT_3D('',#4816,#3910,#3911);
#3243=AXIS2_PLACEMENT_3D('',#4817,#3912,#3913);
#3244=AXIS2_PLACEMENT_3D('',#4818,#3914,#3915);
#3245=AXIS2_PLACEMENT_3D('',#4820,#3917,#3918);
#3246=AXIS2_PLACEMENT_3D('',#4823,#3919,#3920);
#3247=AXIS2_PLACEMENT_3D('',#4827,#3922,#3923);
#3248=AXIS2_PLACEMENT_3D('',#4829,#3925,#3926);
#3249=AXIS2_PLACEMENT_3D('',#4835,#3930,#3931);
#3250=AXIS2_PLACEMENT_3D('',#4839,#3934,#3935);
#3251=AXIS2_PLACEMENT_3D('',#4842,#3937,#3938);
#3252=AXIS2_PLACEMENT_3D('',#4844,#3940,#3941);
#3253=AXIS2_PLACEMENT_3D('',#4846,#3942,#3943);
#3254=AXIS2_PLACEMENT_3D('',#4848,#3945,#3946);
#3255=AXIS2_PLACEMENT_3D('',#4850,#3947,#3948);
#3256=AXIS2_PLACEMENT_3D('',#4852,#3950,#3951);
#3257=AXIS2_PLACEMENT_3D('',#4854,#3953,#3954);
#3258=AXIS2_PLACEMENT_3D('',#4856,#3956,#3957);
#3259=AXIS2_PLACEMENT_3D('',#4858,#3959,#3960);
#3260=AXIS2_PLACEMENT_3D('',#4859,#3961,#3962);
#3261=AXIS2_PLACEMENT_3D('',#4860,#3963,#3964);
#3262=AXIS2_PLACEMENT_3D('',#4863,#3966,#3967);
#3263=AXIS2_PLACEMENT_3D('',#4864,#3968,#3969);
#3264=AXIS2_PLACEMENT_3D('',#4866,#3971,#3972);
#3265=AXIS2_PLACEMENT_3D('',#4868,#3974,#3975);
#3266=AXIS2_PLACEMENT_3D('',#4869,#3976,#3977);
#3267=AXIS2_PLACEMENT_3D('',#4870,#3978,#3979);
#3268=AXIS2_PLACEMENT_3D('',#4871,#3980,#3981);
#3269=AXIS2_PLACEMENT_3D('',#4872,#3982,#3983);
#3270=AXIS2_PLACEMENT_3D('',#4873,#3984,#3985);
#3271=AXIS2_PLACEMENT_3D('',#4877,#3987,#3988);
#3272=AXIS2_PLACEMENT_3D('',#4879,#3990,#3991);
#3273=AXIS2_PLACEMENT_3D('',#4881,#3993,#3994);
#3274=AXIS2_PLACEMENT_3D('',#4885,#3997,#3998);
#3275=AXIS2_PLACEMENT_3D('',#4887,#4000,#4001);
#3276=AXIS2_PLACEMENT_3D('',#4888,#4002,#4003);
#3277=AXIS2_PLACEMENT_3D('',#4897,#4008,#4009);
#3278=AXIS2_PLACEMENT_3D('',#4903,#4013,#4014);
#3279=AXIS2_PLACEMENT_3D('',#4907,#4017,#4018);
#3280=AXIS2_PLACEMENT_3D('',#4911,#4021,#4022);
#3281=AXIS2_PLACEMENT_3D('',#4913,#4024,#4025);
#3282=AXIS2_PLACEMENT_3D('',#4914,#4026,#4027);
#3283=AXIS2_PLACEMENT_3D('',#4917,#4028,#4029);
#3284=AXIS2_PLACEMENT_3D('',#4921,#4031,#4032);
#3285=AXIS2_PLACEMENT_3D('',#5008,#4034,#4035);
#3286=AXIS2_PLACEMENT_3D('',#5012,#4037,#4038);
#3287=AXIS2_PLACEMENT_3D('',#5014,#4040,#4041);
#3288=AXIS2_PLACEMENT_3D('',#5018,#4044,#4045);
#3289=AXIS2_PLACEMENT_3D('',#5021,#4046,#4047);
#3290=AXIS2_PLACEMENT_3D('',#5023,#4048,#4049);
#3291=AXIS2_PLACEMENT_3D('',#5024,#4050,#4051);
#3292=AXIS2_PLACEMENT_3D('',#5025,#4052,#4053);
#3293=AXIS2_PLACEMENT_3D('',#5028,#4054,#4055);
#3294=AXIS2_PLACEMENT_3D('',#5031,#4058,#4059);
#3295=AXIS2_PLACEMENT_3D('',#5034,#4060,#4061);
#3296=AXIS2_PLACEMENT_3D('',#5037,#4064,#4065);
#3297=AXIS2_PLACEMENT_3D('',#5040,#4066,#4067);
#3298=AXIS2_PLACEMENT_3D('',#5042,#4068,#4069);
#3299=AXIS2_PLACEMENT_3D('',#5043,#4070,#4071);
#3300=AXIS2_PLACEMENT_3D('',#5044,#4072,#4073);
#3301=AXIS2_PLACEMENT_3D('',#5047,#4074,#4075);
#3302=AXIS2_PLACEMENT_3D('',#5050,#4078,#4079);
#3303=AXIS2_PLACEMENT_3D('',#5053,#4080,#4081);
#3304=AXIS2_PLACEMENT_3D('',#5055,#4082,#4083);
#3305=AXIS2_PLACEMENT_3D('',#5056,#4084,#4085);
#3306=AXIS2_PLACEMENT_3D('',#5057,#4086,#4087);
#3307=AXIS2_PLACEMENT_3D('',#5060,#4088,#4089);
#3308=AXIS2_PLACEMENT_3D('',#5063,#4092,#4093);
#3309=AXIS2_PLACEMENT_3D('',#5066,#4096,#4097);
#3310=AXIS2_PLACEMENT_3D('',#5069,#4098,#4099);
#3311=AXIS2_PLACEMENT_3D('',#5071,#4100,#4101);
#3312=AXIS2_PLACEMENT_3D('',#5073,#4102,#4103);
#3313=AXIS2_PLACEMENT_3D('',#5074,#4104,#4105);
#3314=AXIS2_PLACEMENT_3D('',#5075,#4106,#4107);
#3315=AXIS2_PLACEMENT_3D('',#5078,#4108,#4109);
#3316=AXIS2_PLACEMENT_3D('',#5081,#4112,#4113);
#3317=AXIS2_PLACEMENT_3D('',#5084,#4116,#4117);
#3318=AXIS2_PLACEMENT_3D('',#5086,#4118,#4119);
#3319=AXIS2_PLACEMENT_3D('',#5087,#4120,#4121);
#3320=AXIS2_PLACEMENT_3D('',#5088,#4122,#4123);
#3321=AXIS2_PLACEMENT_3D('',#5090,#4124,#4125);
#3322=AXIS2_PLACEMENT_3D('',#5092,#4127,#4128);
#3323=AXIS2_PLACEMENT_3D('',#5095,#4131,#4132);
#3324=AXIS2_PLACEMENT_3D('',#5098,#4135,#4136);
#3325=AXIS2_PLACEMENT_3D('',#5101,#4137,#4138);
#3326=AXIS2_PLACEMENT_3D('',#5104,#4141,#4142);
#3327=AXIS2_PLACEMENT_3D('',#5108,#4145,#4146);
#3328=AXIS2_PLACEMENT_3D('',#5110,#4148,#4149);
#3329=AXIS2_PLACEMENT_3D('',#5112,#4151,#4152);
#3330=AXIS2_PLACEMENT_3D('',#5114,#4154,#4155);
#3331=AXIS2_PLACEMENT_3D('',#5119,#4159,#4160);
#3332=AXIS2_PLACEMENT_3D('',#5120,#4161,#4162);
#3333=AXIS2_PLACEMENT_3D('',#5122,#4164,#4165);
#3334=AXIS2_PLACEMENT_3D('',#5124,#4167,#4168);
#3335=AXIS2_PLACEMENT_3D('',#5125,#4169,#4170);
#3336=AXIS2_PLACEMENT_3D('',#5134,#4175,#4176);
#3337=AXIS2_PLACEMENT_3D('',#5140,#4180,#4181);
#3338=AXIS2_PLACEMENT_3D('',#5146,#4185,#4186);
#3339=AXIS2_PLACEMENT_3D('',#5149,#4189,#4190);
#3340=AXIS2_PLACEMENT_3D('',#5150,#4191,#4192);
#3341=AXIS2_PLACEMENT_3D('',#5151,#4193,#4194);
#3342=AXIS2_PLACEMENT_3D('',#5160,#4199,#4200);
#3343=AXIS2_PLACEMENT_3D('',#5166,#4204,#4205);
#3344=AXIS2_PLACEMENT_3D('',#5172,#4209,#4210);
#3345=AXIS2_PLACEMENT_3D('',#5175,#4213,#4214);
#3346=AXIS2_PLACEMENT_3D('',#5176,#4215,#4216);
#3347=AXIS2_PLACEMENT_3D('',#5177,#4217,#4218);
#3348=AXIS2_PLACEMENT_3D('',#5186,#4223,#4224);
#3349=AXIS2_PLACEMENT_3D('',#5192,#4228,#4229);
#3350=AXIS2_PLACEMENT_3D('',#5198,#4233,#4234);
#3351=AXIS2_PLACEMENT_3D('',#5201,#4237,#4238);
#3352=AXIS2_PLACEMENT_3D('',#5202,#4239,#4240);
#3353=DIRECTION('axis',(0.,0.,1.));
#3354=DIRECTION('refdir',(1.,0.,0.));
#3355=DIRECTION('center_axis',(1.,-6.76304277931085E-16,0.));
#3356=DIRECTION('ref_axis',(0.,0.707106781186549,-0.707106781186546));
#3357=DIRECTION('center_axis',(-1.,0.,0.));
#3358=DIRECTION('ref_axis',(0.,0.707106781186549,-0.707106781186546));
#3359=DIRECTION('',(-1.,6.76304277931085E-16,0.));
#3360=DIRECTION('center_axis',(1.,0.,0.));
#3361=DIRECTION('ref_axis',(0.,0.707106781186549,-0.707106781186546));
#3362=DIRECTION('center_axis',(-1.,0.,0.));
#3363=DIRECTION('ref_axis',(0.,0.707106781186549,-0.707106781186546));
#3364=DIRECTION('',(1.,-6.76304277931085E-16,0.));
#3365=DIRECTION('center_axis',(1.,0.,0.));
#3366=DIRECTION('ref_axis',(0.,0.707106781186549,-0.707106781186546));
#3367=DIRECTION('center_axis',(0.,0.,-1.));
#3368=DIRECTION('ref_axis',(-1.,0.,0.));
#3369=DIRECTION('',(0.,1.,0.));
#3370=DIRECTION('',(-1.,0.,0.));
#3371=DIRECTION('',(0.,-1.,0.));
#3372=DIRECTION('center_axis',(1.,0.,0.));
#3373=DIRECTION('ref_axis',(0.,-0.707106781186555,0.70710678118654));
#3374=DIRECTION('center_axis',(1.,0.,0.));
#3375=DIRECTION('ref_axis',(0.,-0.707106781186555,0.70710678118654));
#3376=DIRECTION('',(1.,0.,0.));
#3377=DIRECTION('center_axis',(1.,0.,0.));
#3378=DIRECTION('ref_axis',(0.,-0.707106781186555,0.70710678118654));
#3379=DIRECTION('',(-1.,0.,0.));
#3380=DIRECTION('center_axis',(-1.,0.,0.));
#3381=DIRECTION('ref_axis',(0.,-0.707106781186555,0.70710678118654));
#3382=DIRECTION('center_axis',(0.,1.,0.));
#3383=DIRECTION('ref_axis',(1.,0.,0.));
#3384=DIRECTION('',(0.,0.,1.));
#3385=DIRECTION('',(0.,0.,1.));
#3386=DIRECTION('',(-1.,0.,-1.54162296783036E-16));
#3387=DIRECTION('',(-1.,0.,0.));
#3388=DIRECTION('',(0.,0.,-1.));
#3389=DIRECTION('center_axis',(1.,0.,0.));
#3390=DIRECTION('ref_axis',(0.,-1.,0.));
#3391=DIRECTION('center_axis',(1.,0.,0.));
#3392=DIRECTION('ref_axis',(0.,-0.707106781186549,0.707106781186546));
#3393=DIRECTION('',(0.,0.,-1.));
#3394=DIRECTION('center_axis',(1.,-6.76304277931085E-16,0.));
#3395=DIRECTION('ref_axis',(0.,-0.707106781186549,0.707106781186546));
#3396=DIRECTION('center_axis',(1.,0.,0.));
#3397=DIRECTION('ref_axis',(0.,-0.707106781186549,0.707106781186546));
#3398=DIRECTION('',(-1.,6.76304277931085E-16,0.));
#3399=DIRECTION('center_axis',(1.,0.,0.));
#3400=DIRECTION('ref_axis',(0.,-0.707106781186549,0.707106781186546));
#3401=DIRECTION('center_axis',(-1.,0.,0.));
#3402=DIRECTION('ref_axis',(0.,-0.707106781186549,0.707106781186546));
#3403=DIRECTION('',(1.,-6.76304277931085E-16,0.));
#3404=DIRECTION('center_axis',(-1.,0.,0.));
#3405=DIRECTION('ref_axis',(0.,0.,-1.));
#3406=DIRECTION('',(0.,-1.,0.));
#3407=DIRECTION('',(0.,0.,1.));
#3408=DIRECTION('',(0.,-1.,0.));
#3409=DIRECTION('',(0.,0.,1.));
#3410=DIRECTION('',(0.,-1.,0.));
#3411=DIRECTION('center_axis',(1.,0.,0.));
#3412=DIRECTION('ref_axis',(0.,-0.707106781186555,0.70710678118654));
#3413=DIRECTION('center_axis',(0.,0.,1.));
#3414=DIRECTION('ref_axis',(-1.,0.,0.));
#3415=DIRECTION('',(0.,-1.,0.));
#3416=DIRECTION('',(1.,0.,0.));
#3417=DIRECTION('center_axis',(1.,0.,0.));
#3418=DIRECTION('ref_axis',(0.,-0.707106781186555,0.70710678118654));
#3419=DIRECTION('center_axis',(-1.,0.,0.));
#3420=DIRECTION('ref_axis',(0.,-0.707106781186555,0.70710678118654));
#3421=DIRECTION('',(-1.,0.,0.));
#3422=DIRECTION('center_axis',(-1.,0.,2.35072373320061E-16));
#3423=DIRECTION('ref_axis',(0.,-0.707106781186555,0.70710678118654));
#3424=DIRECTION('',(1.,0.,0.));
#3425=DIRECTION('center_axis',(-1.,0.,0.));
#3426=DIRECTION('ref_axis',(0.,1.,0.));
#3427=DIRECTION('',(0.,0.,-1.));
#3428=DIRECTION('',(0.,0.,-1.));
#3429=DIRECTION('center_axis',(0.,1.,0.));
#3430=DIRECTION('ref_axis',(1.,0.,0.));
#3431=DIRECTION('',(2.35072373320061E-16,0.,1.));
#3432=DIRECTION('',(-1.,0.,0.));
#3433=DIRECTION('',(-1.,0.,-1.54162296783036E-16));
#3434=DIRECTION('',(0.,0.,-1.));
#3435=DIRECTION('center_axis',(0.,-1.,0.));
#3436=DIRECTION('ref_axis',(-0.707106781186548,0.,0.707106781186547));
#3437=DIRECTION('center_axis',(0.,1.,0.));
#3438=DIRECTION('ref_axis',(-0.707106781186548,0.,0.707106781186547));
#3439=DIRECTION('',(0.,1.,0.));
#3440=DIRECTION('center_axis',(0.,-1.,0.));
#3441=DIRECTION('ref_axis',(-0.707106781186548,0.,0.707106781186547));
#3442=DIRECTION('',(0.,-1.,0.));
#3443=DIRECTION('center_axis',(0.,-1.,0.));
#3444=DIRECTION('ref_axis',(1.,0.,0.));
#3445=DIRECTION('',(1.,0.,0.));
#3446=DIRECTION('',(0.,0.,-1.));
#3447=DIRECTION('',(-1.,0.,-1.54162296783036E-16));
#3448=DIRECTION('',(0.,0.,1.));
#3449=DIRECTION('',(0.,0.,-1.));
#3450=DIRECTION('',(-1.,0.,-1.54162296783036E-16));
#3451=DIRECTION('',(0.,0.,-1.));
#3452=DIRECTION('',(-1.,0.,0.));
#3453=DIRECTION('',(0.,0.,1.));
#3454=DIRECTION('center_axis',(0.,0.,1.));
#3455=DIRECTION('ref_axis',(-1.,0.,0.));
#3456=DIRECTION('',(-1.,0.,0.));
#3457=DIRECTION('',(0.,-1.,0.));
#3458=DIRECTION('center_axis',(0.,1.,0.));
#3459=DIRECTION('ref_axis',(-0.707106781186555,0.,0.70710678118654));
#3460=DIRECTION('center_axis',(0.,-1.,0.));
#3461=DIRECTION('ref_axis',(-0.707106781186555,0.,0.70710678118654));
#3462=DIRECTION('',(0.,-1.,0.));
#3463=DIRECTION('center_axis',(0.,1.,0.));
#3464=DIRECTION('ref_axis',(-1.,0.,0.));
#3465=DIRECTION('',(0.,1.,0.));
#3466=DIRECTION('center_axis',(1.,0.,0.));
#3467=DIRECTION('ref_axis',(0.,0.,-1.));
#3468=DIRECTION('center_axis',(0.,0.,1.));
#3469=DIRECTION('ref_axis',(-1.,0.,0.));
#3470=DIRECTION('center_axis',(-1.,0.,0.));
#3471=DIRECTION('ref_axis',(0.,-0.707106781186547,0.707106781186548));
#3472=DIRECTION('center_axis',(1.,0.,0.));
#3473=DIRECTION('ref_axis',(0.,-0.707106781186547,0.707106781186548));
#3474=DIRECTION('center_axis',(0.,0.,1.));
#3475=DIRECTION('ref_axis',(-0.707106781186546,-0.707106781186549,0.));
#3476=DIRECTION('center_axis',(0.,0.,1.));
#3477=DIRECTION('ref_axis',(-1.,0.,0.));
#3478=DIRECTION('',(0.,0.,1.));
#3479=DIRECTION('',(0.,0.,-1.));
#3480=DIRECTION('center_axis',(-1.,0.,0.));
#3481=DIRECTION('ref_axis',(0.,0.,1.));
#3482=DIRECTION('center_axis',(0.,1.,0.));
#3483=DIRECTION('ref_axis',(-1.,0.,0.));
#3484=DIRECTION('center_axis',(1.,0.,0.));
#3485=DIRECTION('ref_axis',(0.,0.707106781186548,-0.707106781186548));
#3486=DIRECTION('center_axis',(-1.,0.,0.));
#3487=DIRECTION('ref_axis',(0.,0.707106781186548,-0.707106781186548));
#3488=DIRECTION('center_axis',(0.,1.,0.));
#3489=DIRECTION('ref_axis',(-0.707106781186546,0.,0.707106781186549));
#3490=DIRECTION('center_axis',(0.,1.,0.));
#3491=DIRECTION('ref_axis',(-1.,0.,0.));
#3492=DIRECTION('',(0.,1.,0.));
#3493=DIRECTION('',(0.,-1.,0.));
#3494=DIRECTION('center_axis',(1.,0.,0.));
#3495=DIRECTION('ref_axis',(0.,0.,-1.));
#3496=DIRECTION('center_axis',(0.,-2.22044604925032E-15,1.));
#3497=DIRECTION('ref_axis',(-1.,0.,0.));
#3498=DIRECTION('center_axis',(-1.,0.,0.));
#3499=DIRECTION('ref_axis',(0.,-0.707106781186548,0.707106781186547));
#3500=DIRECTION('center_axis',(1.,0.,0.));
#3501=DIRECTION('ref_axis',(0.,-0.707106781186548,0.707106781186547));
#3502=DIRECTION('center_axis',(0.,0.,-1.));
#3503=DIRECTION('ref_axis',(-0.707106781186549,-0.707106781186546,0.));
#3504=DIRECTION('center_axis',(0.,0.,1.));
#3505=DIRECTION('ref_axis',(-0.707106781186549,-0.707106781186546,0.));
#3506=DIRECTION('',(0.,0.,1.));
#3507=DIRECTION('',(0.,0.,-1.));
#3508=DIRECTION('center_axis',(-1.,0.,0.));
#3509=DIRECTION('ref_axis',(0.,0.,1.));
#3510=DIRECTION('',(0.,0.,1.));
#3511=DIRECTION('',(0.,-1.,0.));
#3512=DIRECTION('',(0.,1.,0.));
#3513=DIRECTION('',(0.,0.,1.));
#3514=DIRECTION('',(0.,-1.,0.));
#3515=DIRECTION('center_axis',(0.,1.,0.));
#3516=DIRECTION('ref_axis',(0.,0.,1.));
#3517=DIRECTION('',(1.,0.,0.));
#3518=DIRECTION('',(0.,0.,-1.));
#3519=DIRECTION('',(-1.,0.,0.));
#3520=DIRECTION('center_axis',(0.,0.,1.));
#3521=DIRECTION('ref_axis',(1.,0.,0.));
#3522=DIRECTION('',(-1.,0.,0.));
#3523=DIRECTION('',(0.,1.,0.));
#3524=DIRECTION('center_axis',(0.,0.,1.));
#3525=DIRECTION('ref_axis',(0.707106781186548,-0.707106781186548,0.));
#3526=DIRECTION('center_axis',(0.,0.,1.));
#3527=DIRECTION('ref_axis',(0.707106781186548,-0.707106781186548,0.));
#3528=DIRECTION('',(0.,0.,1.));
#3529=DIRECTION('center_axis',(0.,0.,-1.));
#3530=DIRECTION('ref_axis',(1.,0.,0.));
#3531=DIRECTION('',(0.,0.,-1.));
#3532=DIRECTION('center_axis',(-1.,0.,0.));
#3533=DIRECTION('ref_axis',(0.,0.,1.));
#3534=DIRECTION('center_axis',(0.,-1.,0.));
#3535=DIRECTION('ref_axis',(1.,0.,0.));
#3536=DIRECTION('center_axis',(1.,0.,0.));
#3537=DIRECTION('ref_axis',(0.,-0.707106781186548,0.707106781186547));
#3538=DIRECTION('center_axis',(-1.,0.,0.));
#3539=DIRECTION('ref_axis',(0.,-0.707106781186548,0.707106781186547));
#3540=DIRECTION('center_axis',(0.,-1.,0.));
#3541=DIRECTION('ref_axis',(0.707106781186544,0.,0.707106781186551));
#3542=DIRECTION('center_axis',(0.,-1.,0.));
#3543=DIRECTION('ref_axis',(1.,0.,0.));
#3544=DIRECTION('',(0.,-1.,0.));
#3545=DIRECTION('',(0.,1.,0.));
#3546=DIRECTION('center_axis',(1.,0.,0.));
#3547=DIRECTION('ref_axis',(0.,0.,-1.));
#3548=DIRECTION('center_axis',(0.,0.,-1.));
#3549=DIRECTION('ref_axis',(1.,0.,0.));
#3550=DIRECTION('center_axis',(-1.,0.,0.));
#3551=DIRECTION('ref_axis',(0.,0.707106781186545,-0.70710678118655));
#3552=DIRECTION('center_axis',(1.,0.,0.));
#3553=DIRECTION('ref_axis',(0.,0.707106781186545,-0.70710678118655));
#3554=DIRECTION('center_axis',(0.,0.,-1.));
#3555=DIRECTION('ref_axis',(0.707106781186544,-0.707106781186551,0.));
#3556=DIRECTION('center_axis',(0.,0.,-1.));
#3557=DIRECTION('ref_axis',(1.,0.,0.));
#3558=DIRECTION('',(0.,0.,-1.));
#3559=DIRECTION('',(0.,0.,1.));
#3560=DIRECTION('center_axis',(-1.,0.,0.));
#3561=DIRECTION('ref_axis',(0.,0.,1.));
#3562=DIRECTION('center_axis',(0.,-1.,0.));
#3563=DIRECTION('ref_axis',(1.,0.,0.));
#3564=DIRECTION('center_axis',(1.,0.,0.));
#3565=DIRECTION('ref_axis',(0.,-0.707106781186547,0.707106781186548));
#3566=DIRECTION('center_axis',(-1.,0.,0.));
#3567=DIRECTION('ref_axis',(0.,-0.707106781186547,0.707106781186548));
#3568=DIRECTION('center_axis',(0.,1.,0.));
#3569=DIRECTION('ref_axis',(0.707106781186541,0.,0.707106781186554));
#3570=DIRECTION('center_axis',(0.,-1.,0.));
#3571=DIRECTION('ref_axis',(0.707106781186541,0.,0.707106781186554));
#3572=DIRECTION('',(0.,-1.,0.));
#3573=DIRECTION('',(0.,1.,0.));
#3574=DIRECTION('center_axis',(0.,-1.,0.));
#3575=DIRECTION('ref_axis',(0.,0.,-1.));
#3576=DIRECTION('',(1.,0.,0.));
#3577=DIRECTION('',(0.,0.,-1.));
#3578=DIRECTION('',(-1.,0.,0.));
#3579=DIRECTION('',(-1.,0.,0.));
#3580=DIRECTION('',(2.35072373320061E-16,0.,1.));
#3581=DIRECTION('',(1.,0.,0.));
#3582=DIRECTION('',(-8.22753306620214E-16,0.,-1.));
#3583=DIRECTION('',(-1.,0.,0.));
#3584=DIRECTION('',(0.,0.,1.));
#3585=DIRECTION('',(1.,0.,0.));
#3586=DIRECTION('',(0.,0.,1.));
#3587=DIRECTION('',(1.,0.,0.));
#3588=DIRECTION('center_axis',(-1.,0.,0.));
#3589=DIRECTION('ref_axis',(0.,-0.707106781186547,0.707106781186547));
#3590=DIRECTION('',(-1.,0.,0.));
#3591=DIRECTION('center_axis',(1.,0.,0.));
#3592=DIRECTION('ref_axis',(0.,-0.707106781186547,0.707106781186547));
#3593=DIRECTION('center_axis',(0.,0.,-1.));
#3594=DIRECTION('ref_axis',(0.,1.,0.));
#3595=DIRECTION('',(1.,0.,0.));
#3596=DIRECTION('',(0.,1.,0.));
#3597=DIRECTION('center_axis',(1.,0.,0.));
#3598=DIRECTION('ref_axis',(0.,0.707106781186544,-0.707106781186551));
#3599=DIRECTION('',(-1.,0.,0.));
#3600=DIRECTION('center_axis',(-1.,0.,0.));
#3601=DIRECTION('ref_axis',(0.,0.707106781186544,-0.707106781186551));
#3602=DIRECTION('center_axis',(0.,1.,0.));
#3603=DIRECTION('ref_axis',(0.,0.,1.));
#3604=DIRECTION('',(1.,0.,0.));
#3605=DIRECTION('',(0.,0.,1.));
#3606=DIRECTION('center_axis',(1.,0.,0.));
#3607=DIRECTION('ref_axis',(0.,-0.707106781186547,0.707106781186547));
#3608=DIRECTION('',(-1.,0.,0.));
#3609=DIRECTION('center_axis',(1.,0.,0.));
#3610=DIRECTION('ref_axis',(0.,-0.707106781186547,0.707106781186547));
#3611=DIRECTION('center_axis',(0.,0.,1.));
#3612=DIRECTION('ref_axis',(1.,0.,0.));
#3613=DIRECTION('',(1.,0.,0.));
#3614=DIRECTION('',(0.,-1.,0.));
#3615=DIRECTION('center_axis',(0.,1.,0.));
#3616=DIRECTION('ref_axis',(-1.,0.,0.));
#3617=DIRECTION('',(0.,0.,-1.));
#3618=DIRECTION('',(-1.,0.,0.));
#3619=DIRECTION('',(0.,0.,1.));
#3620=DIRECTION('center_axis',(0.,-1.,0.));
#3621=DIRECTION('ref_axis',(-0.707106781186554,0.,0.707106781186541));
#3622=DIRECTION('',(1.,0.,0.));
#3623=DIRECTION('',(0.,0.,-1.));
#3624=DIRECTION('',(-1.,0.,0.));
#3625=DIRECTION('',(8.22753306620214E-16,0.,1.));
#3626=DIRECTION('',(1.,0.,0.));
#3627=DIRECTION('',(-2.35072373320061E-16,0.,-1.));
#3628=DIRECTION('',(1.,0.,0.));
#3629=DIRECTION('',(0.,0.,-1.));
#3630=DIRECTION('',(-1.,0.,0.));
#3631=DIRECTION('',(0.,0.,1.));
#3632=DIRECTION('center_axis',(0.,1.,0.));
#3633=DIRECTION('ref_axis',(-0.707106781186554,0.,0.707106781186541));
#3634=DIRECTION('',(0.,-1.,0.));
#3635=DIRECTION('center_axis',(0.,1.,0.));
#3636=DIRECTION('ref_axis',(-1.,0.,0.));
#3637=DIRECTION('',(0.,1.,0.));
#3638=DIRECTION('center_axis',(1.,0.,0.));
#3639=DIRECTION('ref_axis',(0.,0.,-1.));
#3640=DIRECTION('center_axis',(0.,0.,1.));
#3641=DIRECTION('ref_axis',(-1.,0.,0.));
#3642=DIRECTION('center_axis',(-1.,0.,0.));
#3643=DIRECTION('ref_axis',(0.,-0.707106781186547,0.707106781186548));
#3644=DIRECTION('center_axis',(1.,0.,0.));
#3645=DIRECTION('ref_axis',(0.,-0.707106781186547,0.707106781186548));
#3646=DIRECTION('center_axis',(0.,0.,1.));
#3647=DIRECTION('ref_axis',(-0.707106781186551,-0.707106781186544,0.));
#3648=DIRECTION('center_axis',(0.,0.,1.));
#3649=DIRECTION('ref_axis',(-1.,0.,0.));
#3650=DIRECTION('',(0.,0.,1.));
#3651=DIRECTION('',(0.,0.,-1.));
#3652=DIRECTION('center_axis',(-1.,0.,0.));
#3653=DIRECTION('ref_axis',(0.,0.,1.));
#3654=DIRECTION('center_axis',(0.,1.,0.));
#3655=DIRECTION('ref_axis',(-1.,0.,0.));
#3656=DIRECTION('center_axis',(1.,0.,0.));
#3657=DIRECTION('ref_axis',(0.,0.707106781186548,-0.707106781186548));
#3658=DIRECTION('center_axis',(-1.,0.,0.));
#3659=DIRECTION('ref_axis',(0.,0.707106781186548,-0.707106781186548));
#3660=DIRECTION('center_axis',(0.,1.,0.));
#3661=DIRECTION('ref_axis',(-0.707106781186551,0.,0.707106781186544));
#3662=DIRECTION('center_axis',(0.,1.,0.));
#3663=DIRECTION('ref_axis',(-1.,0.,0.));
#3664=DIRECTION('',(0.,1.,0.));
#3665=DIRECTION('',(0.,-1.,0.));
#3666=DIRECTION('center_axis',(1.,0.,0.));
#3667=DIRECTION('ref_axis',(0.,0.,-1.));
#3668=DIRECTION('center_axis',(0.,-2.22044604925032E-15,1.));
#3669=DIRECTION('ref_axis',(-1.,0.,0.));
#3670=DIRECTION('center_axis',(-1.,0.,0.));
#3671=DIRECTION('ref_axis',(0.,-0.707106781186548,0.707106781186547));
#3672=DIRECTION('center_axis',(1.,0.,0.));
#3673=DIRECTION('ref_axis',(0.,-0.707106781186548,0.707106781186547));
#3674=DIRECTION('center_axis',(0.,0.,-1.));
#3675=DIRECTION('ref_axis',(-0.707106781186541,-0.707106781186554,0.));
#3676=DIRECTION('center_axis',(0.,0.,1.));
#3677=DIRECTION('ref_axis',(-0.707106781186541,-0.707106781186554,0.));
#3678=DIRECTION('',(0.,0.,-1.));
#3679=DIRECTION('center_axis',(-1.,0.,0.));
#3680=DIRECTION('ref_axis',(0.,0.,1.));
#3681=DIRECTION('',(0.,1.,0.));
#3682=DIRECTION('center_axis',(0.,0.,1.));
#3683=DIRECTION('ref_axis',(1.,0.,0.));
#3684=DIRECTION('',(-1.,0.,0.));
#3685=DIRECTION('',(0.,-1.,0.));
#3686=DIRECTION('center_axis',(-1.,0.,0.));
#3687=DIRECTION('ref_axis',(0.,0.707106781186548,-0.707106781186548));
#3688=DIRECTION('',(1.,0.,0.));
#3689=DIRECTION('center_axis',(1.,0.,0.));
#3690=DIRECTION('ref_axis',(0.,0.707106781186548,-0.707106781186548));
#3691=DIRECTION('',(-1.,0.,0.));
#3692=DIRECTION('center_axis',(0.,1.,0.));
#3693=DIRECTION('ref_axis',(0.,0.,-1.));
#3694=DIRECTION('',(0.,0.,-1.));
#3695=DIRECTION('',(1.,0.,0.));
#3696=DIRECTION('center_axis',(-1.,0.,0.));
#3697=DIRECTION('ref_axis',(0.,0.707106781186548,-0.707106781186548));
#3698=DIRECTION('center_axis',(1.,0.,-2.35072373320061E-16));
#3699=DIRECTION('ref_axis',(0.,0.707106781186548,-0.707106781186548));
#3700=DIRECTION('',(-1.,0.,0.));
#3701=DIRECTION('center_axis',(-1.,0.,8.22753306620214E-16));
#3702=DIRECTION('ref_axis',(0.,0.707106781186548,-0.707106781186548));
#3703=DIRECTION('',(1.,0.,0.));
#3704=DIRECTION('center_axis',(0.,1.,0.));
#3705=DIRECTION('ref_axis',(0.,0.,-1.));
#3706=DIRECTION('',(-2.35072373320061E-16,0.,-1.));
#3707=DIRECTION('',(1.,0.,0.));
#3708=DIRECTION('',(8.22753306620214E-16,0.,1.));
#3709=DIRECTION('center_axis',(1.,0.,0.));
#3710=DIRECTION('ref_axis',(0.,0.707106781186544,-0.707106781186551));
#3711=DIRECTION('',(1.,0.,0.));
#3712=DIRECTION('center_axis',(1.,0.,0.));
#3713=DIRECTION('ref_axis',(0.,0.707106781186544,-0.707106781186551));
#3714=DIRECTION('',(-1.,0.,0.));
#3715=DIRECTION('center_axis',(0.,0.,-1.));
#3716=DIRECTION('ref_axis',(0.,1.,0.));
#3717=DIRECTION('',(-1.,0.,0.));
#3718=DIRECTION('',(0.,-1.,0.));
#3719=DIRECTION('center_axis',(-1.,0.,0.));
#3720=DIRECTION('ref_axis',(0.,0.,-1.));
#3721=DIRECTION('',(0.,-1.,0.));
#3722=DIRECTION('',(0.,0.,-1.));
#3723=DIRECTION('center_axis',(0.,-1.,0.));
#3724=DIRECTION('ref_axis',(0.,0.,-1.));
#3725=DIRECTION('',(1.,0.,0.));
#3726=DIRECTION('',(0.,0.,1.));
#3727=DIRECTION('center_axis',(6.76304277931085E-16,1.,0.));
#3728=DIRECTION('ref_axis',(1.,-6.76304277931085E-16,0.));
#3729=DIRECTION('center_axis',(-1.,0.,0.));
#3730=DIRECTION('ref_axis',(0.,0.,-1.));
#3731=DIRECTION('',(0.,-1.,0.));
#3732=DIRECTION('center_axis',(1.,0.,0.));
#3733=DIRECTION('ref_axis',(0.,0.,1.));
#3734=DIRECTION('',(0.,-1.,0.));
#3735=DIRECTION('center_axis',(1.,0.,0.));
#3736=DIRECTION('ref_axis',(0.,0.,1.));
#3737=DIRECTION('',(0.,1.,0.));
#3738=DIRECTION('',(0.,0.,-1.));
#3739=DIRECTION('',(0.,-1.,0.));
#3740=DIRECTION('',(0.,0.,-1.));
#3741=DIRECTION('center_axis',(0.,0.,1.));
#3742=DIRECTION('ref_axis',(1.,0.,0.));
#3743=DIRECTION('',(1.,0.,0.));
#3744=DIRECTION('',(0.,1.,0.));
#3745=DIRECTION('center_axis',(0.,1.,0.));
#3746=DIRECTION('ref_axis',(0.,0.,1.));
#3747=DIRECTION('',(1.,0.,1.54162296783036E-16));
#3748=DIRECTION('',(-1.,0.,0.));
#3749=DIRECTION('',(-2.35072373320061E-16,0.,-1.));
#3750=DIRECTION('center_axis',(0.,0.,-1.));
#3751=DIRECTION('ref_axis',(-1.,0.,0.));
#3752=DIRECTION('',(0.,-1.,0.));
#3753=DIRECTION('',(0.,-1.,0.));
#3754=DIRECTION('center_axis',(0.,0.,-1.));
#3755=DIRECTION('ref_axis',(-1.,0.,0.));
#3756=DIRECTION('',(0.,-1.,0.));
#3757=DIRECTION('',(-1.,0.,0.));
#3758=DIRECTION('center_axis',(0.,0.,1.));
#3759=DIRECTION('ref_axis',(1.,0.,0.));
#3760=DIRECTION('',(1.,0.,0.));
#3761=DIRECTION('center_axis',(0.,1.,0.));
#3762=DIRECTION('ref_axis',(0.,0.,1.));
#3763=DIRECTION('',(1.,0.,1.54162296783036E-16));
#3764=DIRECTION('center_axis',(-1.54162296783036E-16,0.,1.));
#3765=DIRECTION('ref_axis',(-1.,0.,-1.54162296783036E-16));
#3766=DIRECTION('',(0.,-1.,0.));
#3767=DIRECTION('',(1.,0.,1.54162296783036E-16));
#3768=DIRECTION('center_axis',(-1.54162296783036E-16,0.,1.));
#3769=DIRECTION('ref_axis',(-1.,0.,-1.54162296783036E-16));
#3770=DIRECTION('',(1.,0.,1.54162296783036E-16));
#3771=DIRECTION('',(0.,-1.,0.));
#3772=DIRECTION('center_axis',(-1.54162296783036E-16,0.,1.));
#3773=DIRECTION('ref_axis',(-1.,0.,-1.54162296783036E-16));
#3774=DIRECTION('',(0.,-1.,0.));
#3775=DIRECTION('center_axis',(-1.54162296783036E-16,0.,1.));
#3776=DIRECTION('ref_axis',(-1.,0.,-1.54162296783036E-16));
#3777=DIRECTION('',(0.,-1.,0.));
#3778=DIRECTION('center_axis',(1.,0.,0.));
#3779=DIRECTION('ref_axis',(0.,0.,1.));
#3780=DIRECTION('',(0.,0.,-1.));
#3781=DIRECTION('',(0.,-1.,0.));
#3782=DIRECTION('center_axis',(0.,0.,-1.));
#3783=DIRECTION('ref_axis',(1.,0.,0.));
#3784=DIRECTION('',(-1.,0.,0.));
#3785=DIRECTION('',(0.,-1.,0.));
#3786=DIRECTION('center_axis',(-1.,0.,0.));
#3787=DIRECTION('ref_axis',(0.,0.,-1.));
#3788=DIRECTION('',(0.,0.,1.));
#3789=DIRECTION('center_axis',(0.,-1.,0.));
#3790=DIRECTION('ref_axis',(1.,0.,0.));
#3791=DIRECTION('center_axis',(0.,-1.,0.));
#3792=DIRECTION('ref_axis',(-0.707106781186547,0.,-0.707106781186547));
#3793=DIRECTION('center_axis',(0.,1.,0.));
#3794=DIRECTION('ref_axis',(-0.707106781186547,0.,-0.707106781186547));
#3795=DIRECTION('',(0.,1.,0.));
#3796=DIRECTION('center_axis',(0.,-1.,0.));
#3797=DIRECTION('ref_axis',(-0.707106781186547,0.,-0.707106781186547));
#3798=DIRECTION('',(0.,-1.,0.));
#3799=DIRECTION('center_axis',(0.,-1.,0.));
#3800=DIRECTION('ref_axis',(1.,0.,0.));
#3801=DIRECTION('',(0.,0.,1.));
#3802=DIRECTION('center_axis',(0.,-1.,0.));
#3803=DIRECTION('ref_axis',(-0.707106781186547,0.,0.707106781186547));
#3804=DIRECTION('',(1.,0.,0.));
#3805=DIRECTION('center_axis',(0.,-1.,0.));
#3806=DIRECTION('ref_axis',(0.707106781186547,0.,0.707106781186547));
#3807=DIRECTION('',(0.,0.,-1.));
#3808=DIRECTION('center_axis',(0.,-1.,0.));
#3809=DIRECTION('ref_axis',(0.707106781186547,0.,-0.707106781186547));
#3810=DIRECTION('',(-1.,0.,0.));
#3811=DIRECTION('center_axis',(0.,-1.,0.));
#3812=DIRECTION('ref_axis',(1.,0.,0.));
#3813=DIRECTION('center_axis',(-1.,0.,0.));
#3814=DIRECTION('ref_axis',(0.,0.,-1.));
#3815=DIRECTION('',(0.,0.,-1.));
#3816=DIRECTION('',(0.,-1.,0.));
#3817=DIRECTION('center_axis',(0.,-1.,0.));
#3818=DIRECTION('ref_axis',(-0.707106781186547,0.,0.707106781186547));
#3819=DIRECTION('center_axis',(0.,1.,0.));
#3820=DIRECTION('ref_axis',(-0.707106781186547,0.,0.707106781186547));
#3821=DIRECTION('',(0.,1.,0.));
#3822=DIRECTION('center_axis',(0.,-1.,0.));
#3823=DIRECTION('ref_axis',(0.707106781186547,0.,-0.707106781186547));
#3824=DIRECTION('center_axis',(0.,1.,0.));
#3825=DIRECTION('ref_axis',(0.707106781186547,0.,-0.707106781186547));
#3826=DIRECTION('',(0.,1.,0.));
#3827=DIRECTION('',(0.,-1.,0.));
#3828=DIRECTION('center_axis',(1.,0.,0.));
#3829=DIRECTION('ref_axis',(0.,0.,1.));
#3830=DIRECTION('',(0.,1.,0.));
#3831=DIRECTION('',(0.,0.,1.));
#3832=DIRECTION('center_axis',(0.,-1.,0.));
#3833=DIRECTION('ref_axis',(0.707106781186547,0.,0.707106781186547));
#3834=DIRECTION('center_axis',(0.,1.,0.));
#3835=DIRECTION('ref_axis',(0.707106781186547,0.,0.707106781186547));
#3836=DIRECTION('',(0.,-1.,0.));
#3837=DIRECTION('center_axis',(0.,0.,1.));
#3838=DIRECTION('ref_axis',(-1.,0.,0.));
#3839=DIRECTION('',(-1.,0.,0.));
#3840=DIRECTION('center_axis',(0.,0.,-1.));
#3841=DIRECTION('ref_axis',(1.,0.,0.));
#3842=DIRECTION('',(1.,0.,0.));
#3843=DIRECTION('center_axis',(0.,-1.,0.));
#3844=DIRECTION('ref_axis',(0.,0.,-1.));
#3845=DIRECTION('center_axis',(0.,-1.,0.));
#3846=DIRECTION('ref_axis',(1.,0.,0.));
#3847=DIRECTION('',(0.,1.,0.));
#3848=DIRECTION('center_axis',(0.,1.,0.));
#3849=DIRECTION('ref_axis',(1.,0.,0.));
#3850=DIRECTION('center_axis',(0.,-1.,0.));
#3851=DIRECTION('ref_axis',(0.,0.,-1.));
#3852=DIRECTION('',(-1.,0.,0.));
#3853=DIRECTION('',(0.,0.,1.));
#3854=DIRECTION('',(-1.,0.,0.));
#3855=DIRECTION('',(2.35072373320061E-16,0.,1.));
#3856=DIRECTION('center_axis',(0.,-1.,0.));
#3857=DIRECTION('ref_axis',(1.,0.,0.));
#3858=DIRECTION('',(0.,0.,-1.));
#3859=DIRECTION('',(1.,0.,0.));
#3860=DIRECTION('',(1.36633425996397E-12,0.,1.));
#3861=DIRECTION('',(1.,0.,-4.70173486458321E-10));
#3862=DIRECTION('center_axis',(0.,1.,0.));
#3863=DIRECTION('ref_axis',(0.,0.,1.));
#3864=DIRECTION('',(1.,0.,0.));
#3865=DIRECTION('',(5.34758183003682E-12,0.,-1.));
#3866=DIRECTION('',(1.,0.,-1.28045722174478E-12));
#3867=DIRECTION('',(1.36633425996397E-12,0.,1.));
#3868=DIRECTION('center_axis',(0.,0.,1.));
#3869=DIRECTION('ref_axis',(1.,0.,0.));
#3870=DIRECTION('',(0.,1.,0.));
#3871=DIRECTION('',(-1.,0.,0.));
#3872=DIRECTION('',(0.,1.,0.));
#3873=DIRECTION('',(0.,-1.,0.));
#3874=DIRECTION('center_axis',(1.,0.,0.));
#3875=DIRECTION('ref_axis',(0.,0.,-1.));
#3876=DIRECTION('',(0.,1.,0.));
#3877=DIRECTION('',(0.,0.,1.));
#3878=DIRECTION('center_axis',(4.70173486458321E-10,0.,1.));
#3879=DIRECTION('ref_axis',(1.,0.,-4.70173486458321E-10));
#3880=DIRECTION('',(0.,-1.,0.));
#3881=DIRECTION('',(-1.,0.,4.70173486458321E-10));
#3882=DIRECTION('center_axis',(-1.,0.,1.36633425996397E-12));
#3883=DIRECTION('ref_axis',(1.36633425996397E-12,0.,1.));
#3884=DIRECTION('',(0.,1.,0.));
#3885=DIRECTION('',(-1.36633425996397E-12,0.,-1.));
#3886=DIRECTION('center_axis',(0.,1.,0.));
#3887=DIRECTION('ref_axis',(0.,0.,1.));
#3888=DIRECTION('',(-5.34758183003682E-12,0.,1.));
#3889=DIRECTION('',(-1.,0.,0.));
#3890=DIRECTION('',(0.,0.,-1.));
#3891=DIRECTION('',(1.,0.,0.));
#3892=DIRECTION('',(2.35072373320061E-16,0.,1.));
#3893=DIRECTION('',(-1.,0.,1.28045722174478E-12));
#3894=DIRECTION('center_axis',(0.,0.,1.));
#3895=DIRECTION('ref_axis',(1.,0.,0.));
#3896=DIRECTION('',(0.,1.,0.));
#3897=DIRECTION('',(0.,1.,0.));
#3898=DIRECTION('center_axis',(1.,0.,0.));
#3899=DIRECTION('ref_axis',(0.,0.,-1.));
#3900=DIRECTION('',(0.,-1.,0.));
#3901=DIRECTION('center_axis',(0.,0.,1.));
#3902=DIRECTION('ref_axis',(1.,0.,0.));
#3903=DIRECTION('',(0.,1.,0.));
#3904=DIRECTION('',(0.,1.,0.));
#3905=DIRECTION('',(0.,-1.,0.));
#3906=DIRECTION('',(0.,-1.,0.));
#3907=DIRECTION('center_axis',(1.,0.,5.34758183003682E-12));
#3908=DIRECTION('ref_axis',(5.34758183003682E-12,0.,-1.));
#3909=DIRECTION('',(0.,1.,0.));
#3910=DIRECTION('center_axis',(1.28045722174478E-12,0.,1.));
#3911=DIRECTION('ref_axis',(1.,0.,-1.28045722174478E-12));
#3912=DIRECTION('center_axis',(-1.,0.,0.));
#3913=DIRECTION('ref_axis',(0.,0.,1.));
#3914=DIRECTION('center_axis',(1.,0.,0.));
#3915=DIRECTION('ref_axis',(0.,0.,-1.));
#3916=DIRECTION('',(0.,1.,0.));
#3917=DIRECTION('center_axis',(1.,0.,0.));
#3918=DIRECTION('ref_axis',(0.,-0.707106781186547,0.707106781186548));
#3919=DIRECTION('center_axis',(-1.,0.,2.35072373320061E-16));
#3920=DIRECTION('ref_axis',(0.,-0.707106781186547,0.707106781186548));
#3921=DIRECTION('',(-1.,0.,0.));
#3922=DIRECTION('center_axis',(1.,0.,-8.22753306620214E-16));
#3923=DIRECTION('ref_axis',(0.,-0.707106781186547,0.707106781186548));
#3924=DIRECTION('',(1.,0.,0.));
#3925=DIRECTION('center_axis',(0.,1.,-8.52256025741615E-17));
#3926=DIRECTION('ref_axis',(0.,-8.52256025741615E-17,-1.));
#3927=DIRECTION('',(8.22753306620214E-16,8.52256025741615E-17,1.));
#3928=DIRECTION('',(-1.,0.,0.));
#3929=DIRECTION('',(-2.35072373320061E-16,-8.52256025741615E-17,-1.));
#3930=DIRECTION('center_axis',(-1.,0.,8.22753306620214E-16));
#3931=DIRECTION('ref_axis',(8.22753306620214E-16,0.,1.));
#3932=DIRECTION('',(0.,1.,0.));
#3933=DIRECTION('',(0.,1.,0.));
#3934=DIRECTION('center_axis',(1.,0.,-8.22753306620214E-16));
#3935=DIRECTION('ref_axis',(0.,-0.707106781186547,0.707106781186547));
#3936=DIRECTION('',(0.,1.,0.));
#3937=DIRECTION('center_axis',(1.,0.,-8.22753306620214E-16));
#3938=DIRECTION('ref_axis',(0.,-0.707106781186547,0.707106781186547));
#3939=DIRECTION('',(0.,1.,0.));
#3940=DIRECTION('center_axis',(-1.,0.,0.));
#3941=DIRECTION('ref_axis',(0.,-0.707106781186547,0.707106781186547));
#3942=DIRECTION('center_axis',(-1.,0.,2.35072373320061E-16));
#3943=DIRECTION('ref_axis',(0.,-0.707106781186547,0.707106781186547));
#3944=DIRECTION('',(-1.,0.,0.));
#3945=DIRECTION('center_axis',(-1.,0.,0.));
#3946=DIRECTION('ref_axis',(0.,-0.707106781186547,0.707106781186547));
#3947=DIRECTION('center_axis',(-1.,0.,2.35072373320061E-16));
#3948=DIRECTION('ref_axis',(0.,-0.707106781186547,0.707106781186547));
#3949=DIRECTION('',(-1.,0.,0.));
#3950=DIRECTION('center_axis',(0.,0.,-1.));
#3951=DIRECTION('ref_axis',(0.,-1.,0.));
#3952=DIRECTION('',(0.,-1.,0.));
#3953=DIRECTION('center_axis',(0.,0.,-1.));
#3954=DIRECTION('ref_axis',(0.,-1.,0.));
#3955=DIRECTION('',(0.,-1.,0.));
#3956=DIRECTION('center_axis',(1.,0.,-2.35072373320061E-16));
#3957=DIRECTION('ref_axis',(-2.35072373320061E-16,0.,-1.));
#3958=DIRECTION('',(0.,1.,0.));
#3959=DIRECTION('center_axis',(-1.,0.,0.));
#3960=DIRECTION('ref_axis',(0.,-0.707106781186547,0.707106781186547));
#3961=DIRECTION('center_axis',(-1.,0.,0.));
#3962=DIRECTION('ref_axis',(0.,-0.707106781186547,0.707106781186547));
#3963=DIRECTION('center_axis',(1.,0.,0.));
#3964=DIRECTION('ref_axis',(0.,-0.707106781186547,0.707106781186547));
#3965=DIRECTION('',(1.,0.,0.));
#3966=DIRECTION('center_axis',(-1.,0.,0.));
#3967=DIRECTION('ref_axis',(0.,-0.707106781186547,0.707106781186547));
#3968=DIRECTION('center_axis',(0.,1.,0.));
#3969=DIRECTION('ref_axis',(0.,0.,1.));
#3970=DIRECTION('',(0.,0.,-1.));
#3971=DIRECTION('center_axis',(1.,0.,0.));
#3972=DIRECTION('ref_axis',(0.,0.,-1.));
#3973=DIRECTION('',(0.,-1.,0.));
#3974=DIRECTION('center_axis',(0.,0.,1.));
#3975=DIRECTION('ref_axis',(1.,0.,0.));
#3976=DIRECTION('center_axis',(0.,0.,1.));
#3977=DIRECTION('ref_axis',(1.,0.,0.));
#3978=DIRECTION('center_axis',(0.,0.,1.));
#3979=DIRECTION('ref_axis',(1.,0.,0.));
#3980=DIRECTION('center_axis',(1.,0.,0.));
#3981=DIRECTION('ref_axis',(0.,-0.707106781186547,0.707106781186547));
#3982=DIRECTION('center_axis',(-1.,0.,0.));
#3983=DIRECTION('ref_axis',(0.,-0.707106781186547,0.707106781186547));
#3984=DIRECTION('center_axis',(-1.,0.,0.));
#3985=DIRECTION('ref_axis',(0.,-0.707106781186547,0.707106781186547));
#3986=DIRECTION('',(1.,0.,0.));
#3987=DIRECTION('center_axis',(-1.,0.,0.));
#3988=DIRECTION('ref_axis',(0.,-0.707106781186547,0.707106781186547));
#3989=DIRECTION('',(-1.,0.,0.));
#3990=DIRECTION('center_axis',(0.,0.,-1.));
#3991=DIRECTION('ref_axis',(0.,-1.,0.));
#3992=DIRECTION('',(0.,-1.,0.));
#3993=DIRECTION('center_axis',(1.,0.,0.));
#3994=DIRECTION('ref_axis',(0.,0.,-1.));
#3995=DIRECTION('',(0.,0.,1.));
#3996=DIRECTION('',(0.,1.,0.));
#3997=DIRECTION('center_axis',(0.,-1.,0.));
#3998=DIRECTION('ref_axis',(0.,0.,-1.));
#3999=DIRECTION('',(1.,0.,0.));
#4000=DIRECTION('center_axis',(0.,0.,-1.));
#4001=DIRECTION('ref_axis',(-1.,0.,0.));
#4002=DIRECTION('center_axis',(0.,-1.,0.));
#4003=DIRECTION('ref_axis',(0.,0.,-1.));
#4004=DIRECTION('',(1.,0.,0.));
#4005=DIRECTION('',(0.,0.,1.));
#4006=DIRECTION('',(-1.,0.,0.));
#4007=DIRECTION('',(0.,0.,-1.));
#4008=DIRECTION('center_axis',(1.,0.,0.));
#4009=DIRECTION('ref_axis',(0.,0.,-1.));
#4010=DIRECTION('',(0.,-1.,0.));
#4011=DIRECTION('',(0.,0.,-1.));
#4012=DIRECTION('',(0.,1.,0.));
#4013=DIRECTION('center_axis',(0.,0.,1.));
#4014=DIRECTION('ref_axis',(1.,0.,0.));
#4015=DIRECTION('',(1.,0.,0.));
#4016=DIRECTION('',(0.,1.,0.));
#4017=DIRECTION('center_axis',(-1.,0.,0.));
#4018=DIRECTION('ref_axis',(0.,0.,1.));
#4019=DIRECTION('',(0.,0.,1.));
#4020=DIRECTION('',(0.,1.,0.));
#4021=DIRECTION('center_axis',(0.,0.,-1.));
#4022=DIRECTION('ref_axis',(-1.,0.,0.));
#4023=DIRECTION('',(-1.,0.,0.));
#4024=DIRECTION('center_axis',(0.,1.,0.));
#4025=DIRECTION('ref_axis',(0.,0.,1.));
#4026=DIRECTION('center_axis',(0.,1.,0.));
#4027=DIRECTION('ref_axis',(0.707106785572965,0.,-0.70710677680013));
#4028=DIRECTION('center_axis',(0.,-1.,0.));
#4029=DIRECTION('ref_axis',(0.707106785572965,0.,-0.70710677680013));
#4030=DIRECTION('',(0.,1.,0.));
#4031=DIRECTION('center_axis',(0.,1.,0.));
#4032=DIRECTION('ref_axis',(1.,0.,1.24066534823442E-8));
#4033=DIRECTION('',(0.,-1.,0.));
#4034=DIRECTION('center_axis',(-1.24066532947475E-8,0.,1.));
#4035=DIRECTION('ref_axis',(-0.707106781186548,0.707106781186548,-8.77282252882744E-9));
#4036=DIRECTION('',(-1.24066532947475E-8,0.,1.));
#4037=DIRECTION('center_axis',(-1.240664460056E-8,0.,1.));
#4038=DIRECTION('ref_axis',(-1.,0.,-1.240664460056E-8));
#4039=DIRECTION('',(1.24066532947475E-8,0.,-1.));
#4040=DIRECTION('center_axis',(-1.,0.,-1.24066532947475E-8));
#4041=DIRECTION('ref_axis',(-1.24066532947475E-8,0.,1.));
#4042=DIRECTION('',(-1.24066532947475E-8,0.,1.));
#4043=DIRECTION('',(0.,-1.,0.));
#4044=DIRECTION('center_axis',(0.408248290463848,-0.816496580927734,0.408248290463862));
#4045=DIRECTION('ref_axis',(0.577350269189623,0.577350269189616,0.577350269189638));
#4046=DIRECTION('center_axis',(1.,0.,0.));
#4047=DIRECTION('ref_axis',(0.,0.,1.));
#4048=DIRECTION('center_axis',(0.,1.,0.));
#4049=DIRECTION('ref_axis',(1.,0.,0.));
#4050=DIRECTION('center_axis',(1.77635683940026E-14,0.,1.));
#4051=DIRECTION('ref_axis',(0.,1.,0.));
#4052=DIRECTION('center_axis',(0.,1.,0.));
#4053=DIRECTION('ref_axis',(0.707106781186541,0.,0.707106781186554));
#4054=DIRECTION('center_axis',(0.,1.,0.));
#4055=DIRECTION('ref_axis',(0.707106781186541,0.,0.707106781186554));
#4056=DIRECTION('',(0.,1.,0.));
#4057=DIRECTION('',(0.,-1.,0.));
#4058=DIRECTION('center_axis',(0.,0.,-1.));
#4059=DIRECTION('ref_axis',(0.707106781186548,0.707106781186548,0.));
#4060=DIRECTION('center_axis',(0.,0.,1.));
#4061=DIRECTION('ref_axis',(0.707106781186548,0.707106781186548,0.));
#4062=DIRECTION('',(0.,0.,1.));
#4063=DIRECTION('',(0.,0.,-1.));
#4064=DIRECTION('center_axis',(-0.408248290463862,0.408248290463852,-0.816496580927732));
#4065=DIRECTION('ref_axis',(-0.57735026918964,0.577350269189619,0.577350269189619));
#4066=DIRECTION('center_axis',(0.,0.,1.));
#4067=DIRECTION('ref_axis',(-1.,0.,0.));
#4068=DIRECTION('center_axis',(0.,1.,0.));
#4069=DIRECTION('ref_axis',(0.,0.,1.));
#4070=DIRECTION('center_axis',(-1.,0.,1.77635683940026E-14));
#4071=DIRECTION('ref_axis',(0.,1.,0.));
#4072=DIRECTION('center_axis',(0.,1.,0.));
#4073=DIRECTION('ref_axis',(-0.707106781186554,0.,0.707106781186541));
#4074=DIRECTION('center_axis',(0.,1.,0.));
#4075=DIRECTION('ref_axis',(-0.707106781186554,0.,0.707106781186541));
#4076=DIRECTION('',(0.,1.,0.));
#4077=DIRECTION('',(0.,-1.,0.));
#4078=DIRECTION('center_axis',(-0.408248290463865,0.408248290463863,-0.816496580927725));
#4079=DIRECTION('ref_axis',(-0.577350269189628,0.577350269189625,0.577350269189625));
#4080=DIRECTION('center_axis',(0.,0.,1.));
#4081=DIRECTION('ref_axis',(-1.,0.,0.));
#4082=DIRECTION('center_axis',(0.,1.,0.));
#4083=DIRECTION('ref_axis',(0.,0.,1.));
#4084=DIRECTION('center_axis',(-1.,0.,0.));
#4085=DIRECTION('ref_axis',(0.,1.,0.));
#4086=DIRECTION('center_axis',(0.,1.,0.));
#4087=DIRECTION('ref_axis',(-0.707106781186555,0.,0.70710678118654));
#4088=DIRECTION('center_axis',(0.,1.,0.));
#4089=DIRECTION('ref_axis',(-0.707106781186555,0.,0.70710678118654));
#4090=DIRECTION('',(0.,1.,0.));
#4091=DIRECTION('',(0.,-1.,0.));
#4092=DIRECTION('center_axis',(1.,0.,0.));
#4093=DIRECTION('ref_axis',(0.,0.707106781186554,0.707106781186541));
#4094=DIRECTION('',(-1.,0.,0.));
#4095=DIRECTION('',(1.,0.,0.));
#4096=DIRECTION('center_axis',(0.,-1.,0.));
#4097=DIRECTION('ref_axis',(0.,0.,-1.));
#4098=DIRECTION('center_axis',(-1.,0.,0.));
#4099=DIRECTION('ref_axis',(0.,0.,1.));
#4100=DIRECTION('center_axis',(0.,-1.,0.));
#4101=DIRECTION('ref_axis',(1.,0.,0.));
#4102=DIRECTION('center_axis',(0.,0.,1.));
#4103=DIRECTION('ref_axis',(0.,1.,0.));
#4104=DIRECTION('center_axis',(0.,1.,0.));
#4105=DIRECTION('ref_axis',(0.707106781186549,0.,-0.707106781186546));
#4106=DIRECTION('center_axis',(0.,1.,0.));
#4107=DIRECTION('ref_axis',(0.707106781186549,0.,-0.707106781186546));
#4108=DIRECTION('center_axis',(0.,-1.,0.));
#4109=DIRECTION('ref_axis',(0.707106781186549,0.,-0.707106781186546));
#4110=DIRECTION('',(0.,1.,0.));
#4111=DIRECTION('',(0.,-1.,0.));
#4112=DIRECTION('center_axis',(0.,0.,1.));
#4113=DIRECTION('ref_axis',(-0.707106781186549,0.707106781186546,0.));
#4114=DIRECTION('',(0.,0.,-1.));
#4115=DIRECTION('',(0.,0.,1.));
#4116=DIRECTION('center_axis',(-0.408248287087199,0.408248287087195,-0.816496584304392));
#4117=DIRECTION('ref_axis',(-0.577350271577298,0.577350271577284,0.577350264414295));
#4118=DIRECTION('center_axis',(0.,1.,0.));
#4119=DIRECTION('ref_axis',(0.,0.,1.));
#4120=DIRECTION('center_axis',(-1.,0.,8.88178419700128E-15));
#4121=DIRECTION('ref_axis',(0.,1.,0.));
#4122=DIRECTION('center_axis',(0.,1.,0.));
#4123=DIRECTION('ref_axis',(-0.707106785572971,0.,0.707106776800124));
#4124=DIRECTION('center_axis',(0.,1.,0.));
#4125=DIRECTION('ref_axis',(-0.707106785572971,0.,0.707106776800124));
#4126=DIRECTION('',(0.,1.,0.));
#4127=DIRECTION('center_axis',(1.,0.,0.));
#4128=DIRECTION('ref_axis',(0.,0.707106781186548,0.707106781186548));
#4129=DIRECTION('',(-1.,0.,0.));
#4130=DIRECTION('',(1.,0.,0.));
#4131=DIRECTION('center_axis',(1.,0.,0.));
#4132=DIRECTION('ref_axis',(0.,0.707106781186548,0.707106781186548));
#4133=DIRECTION('',(-1.,0.,0.));
#4134=DIRECTION('',(1.,0.,0.));
#4135=DIRECTION('center_axis',(0.,0.,1.));
#4136=DIRECTION('ref_axis',(-0.707106781186541,0.707106781186554,0.));
#4137=DIRECTION('center_axis',(0.,0.,1.));
#4138=DIRECTION('ref_axis',(-0.707106781186541,0.707106781186554,0.));
#4139=DIRECTION('',(0.,0.,1.));
#4140=DIRECTION('',(0.,0.,-1.));
#4141=DIRECTION('center_axis',(1.,0.,0.));
#4142=DIRECTION('ref_axis',(0.,0.,-1.));
#4143=DIRECTION('',(0.,0.,-1.));
#4144=DIRECTION('',(0.,1.,0.));
#4145=DIRECTION('center_axis',(0.,0.,1.));
#4146=DIRECTION('ref_axis',(1.,0.,0.));
#4147=DIRECTION('',(-1.,0.,0.));
#4148=DIRECTION('center_axis',(-1.,0.,0.));
#4149=DIRECTION('ref_axis',(0.,0.,1.));
#4150=DIRECTION('',(0.,0.,1.));
#4151=DIRECTION('center_axis',(0.,0.,1.));
#4152=DIRECTION('ref_axis',(1.,0.,0.));
#4153=DIRECTION('',(1.,0.,0.));
#4154=DIRECTION('center_axis',(0.,1.,0.));
#4155=DIRECTION('ref_axis',(1.,0.,0.));
#4156=DIRECTION('',(1.,0.,0.));
#4157=DIRECTION('',(0.,0.,1.));
#4158=DIRECTION('',(-1.,0.,0.));
#4159=DIRECTION('center_axis',(0.,0.,1.));
#4160=DIRECTION('ref_axis',(1.,0.,0.));
#4161=DIRECTION('center_axis',(-1.,0.,0.));
#4162=DIRECTION('ref_axis',(0.,0.,1.));
#4163=DIRECTION('',(0.,1.,0.));
#4164=DIRECTION('center_axis',(0.,0.,-1.));
#4165=DIRECTION('ref_axis',(-1.,0.,0.));
#4166=DIRECTION('',(-1.,0.,0.));
#4167=DIRECTION('center_axis',(0.,1.,0.));
#4168=DIRECTION('ref_axis',(0.,0.,1.));
#4169=DIRECTION('center_axis',(0.,-0.224859507922317,-0.97439119541226));
#4170=DIRECTION('ref_axis',(0.,0.97439119541226,-0.224859507922317));
#4171=DIRECTION('',(0.,-0.97439119541226,0.224859507922317));
#4172=DIRECTION('',(1.,0.,0.));
#4173=DIRECTION('',(0.,0.97439119541226,-0.224859507922317));
#4174=DIRECTION('',(1.,0.,0.));
#4175=DIRECTION('center_axis',(0.,-0.99999999999998,1.98682242510076E-7));
#4176=DIRECTION('ref_axis',(0.,-1.98682242510076E-7,-0.99999999999998));
#4177=DIRECTION('',(0.,1.98682242510076E-7,0.99999999999998));
#4178=DIRECTION('',(0.,-1.98682242510076E-7,-0.99999999999998));
#4179=DIRECTION('',(1.,0.,0.));
#4180=DIRECTION('center_axis',(0.,0.224859506698758,0.97439119569462));
#4181=DIRECTION('ref_axis',(0.,-0.97439119569462,0.224859506698758));
#4182=DIRECTION('',(0.,0.97439119569462,-0.224859506698758));
#4183=DIRECTION('',(0.,-0.97439119569462,0.224859506698758));
#4184=DIRECTION('',(1.,0.,0.));
#4185=DIRECTION('center_axis',(0.,1.,0.));
#4186=DIRECTION('ref_axis',(0.,0.,1.));
#4187=DIRECTION('',(0.,0.,-1.));
#4188=DIRECTION('',(0.,0.,1.));
#4189=DIRECTION('center_axis',(1.,0.,0.));
#4190=DIRECTION('ref_axis',(0.,0.,-1.));
#4191=DIRECTION('center_axis',(1.,0.,0.));
#4192=DIRECTION('ref_axis',(0.,1.,0.));
#4193=DIRECTION('center_axis',(0.,0.224859506698758,0.97439119569462));
#4194=DIRECTION('ref_axis',(0.,-0.97439119569462,0.224859506698758));
#4195=DIRECTION('',(0.,0.97439119569462,-0.224859506698758));
#4196=DIRECTION('',(1.,0.,0.));
#4197=DIRECTION('',(0.,-0.97439119569462,0.224859506698758));
#4198=DIRECTION('',(1.,0.,0.));
#4199=DIRECTION('center_axis',(0.,1.,0.));
#4200=DIRECTION('ref_axis',(0.,0.,1.));
#4201=DIRECTION('',(0.,0.,-1.));
#4202=DIRECTION('',(0.,0.,1.));
#4203=DIRECTION('',(1.,0.,0.));
#4204=DIRECTION('center_axis',(0.,-0.224859507922317,-0.97439119541226));
#4205=DIRECTION('ref_axis',(0.,0.97439119541226,-0.224859507922317));
#4206=DIRECTION('',(0.,-0.97439119541226,0.224859507922317));
#4207=DIRECTION('',(0.,0.97439119541226,-0.224859507922317));
#4208=DIRECTION('',(1.,0.,0.));
#4209=DIRECTION('center_axis',(0.,-0.99999999999998,1.98682242510076E-7));
#4210=DIRECTION('ref_axis',(0.,-1.98682242510076E-7,-0.99999999999998));
#4211=DIRECTION('',(0.,1.98682242510076E-7,0.99999999999998));
#4212=DIRECTION('',(0.,-1.98682242510076E-7,-0.99999999999998));
#4213=DIRECTION('center_axis',(1.,0.,0.));
#4214=DIRECTION('ref_axis',(0.,0.,-1.));
#4215=DIRECTION('center_axis',(1.,0.,0.));
#4216=DIRECTION('ref_axis',(0.,1.,0.));
#4217=DIRECTION('center_axis',(0.,0.224859506698758,0.97439119569462));
#4218=DIRECTION('ref_axis',(0.,-0.97439119569462,0.224859506698758));
#4219=DIRECTION('',(0.,0.97439119569462,-0.224859506698758));
#4220=DIRECTION('',(1.,0.,0.));
#4221=DIRECTION('',(0.,-0.97439119569462,0.224859506698758));
#4222=DIRECTION('',(1.,0.,0.));
#4223=DIRECTION('center_axis',(0.,1.,0.));
#4224=DIRECTION('ref_axis',(0.,0.,1.));
#4225=DIRECTION('',(0.,0.,-1.));
#4226=DIRECTION('',(0.,0.,1.));
#4227=DIRECTION('',(1.,0.,0.));
#4228=DIRECTION('center_axis',(0.,-0.224859507922317,-0.97439119541226));
#4229=DIRECTION('ref_axis',(0.,0.97439119541226,-0.224859507922317));
#4230=DIRECTION('',(0.,-0.97439119541226,0.224859507922317));
#4231=DIRECTION('',(0.,0.97439119541226,-0.224859507922317));
#4232=DIRECTION('',(1.,0.,0.));
#4233=DIRECTION('center_axis',(0.,-0.99999999999998,1.98682242510076E-7));
#4234=DIRECTION('ref_axis',(0.,-1.98682242510076E-7,-0.99999999999998));
#4235=DIRECTION('',(0.,1.98682242510076E-7,0.99999999999998));
#4236=DIRECTION('',(0.,-1.98682242510076E-7,-0.99999999999998));
#4237=DIRECTION('center_axis',(1.,0.,0.));
#4238=DIRECTION('ref_axis',(0.,0.,-1.));
#4239=DIRECTION('center_axis',(1.,0.,0.));
#4240=DIRECTION('ref_axis',(0.,1.,0.));
#4241=CARTESIAN_POINT('',(0.,0.,0.));
#4242=CARTESIAN_POINT('Origin',(-65.2534898619945,-1.99938692833991,110.518403525445));
#4243=CARTESIAN_POINT('',(-60.3286813363638,0.000613071660087172,110.518403525445));
#4244=CARTESIAN_POINT('',(-60.3286813363638,6.40949485492072E-30,110.468886752696));
#4245=CARTESIAN_POINT('Origin',(-60.3286813363638,-1.99938692833992,110.518403525445));
#4246=CARTESIAN_POINT('',(-66.8950927038713,0.000613071660091613,110.518403525445));
#4247=CARTESIAN_POINT('',(-65.2534898619945,0.000613071660090503,110.518403525445));
#4248=CARTESIAN_POINT('',(-66.8950927038713,6.16297582203915E-30,110.468886752696));
#4249=CARTESIAN_POINT('Origin',(-66.8950927038713,-1.99938692833991,110.518403525445));
#4250=CARTESIAN_POINT('',(-66.8950927038713,-1.99938692833991,108.518403525445));
#4251=CARTESIAN_POINT('Origin',(-66.8950927038714,-1.99938692833991,110.518403525445));
#4252=CARTESIAN_POINT('',(-60.3286813363638,-1.99938692833992,108.518403525445));
#4253=CARTESIAN_POINT('',(-65.2534898619945,-1.99938692833991,108.518403525445));
#4254=CARTESIAN_POINT('Origin',(-60.3286813363639,-1.99938692833992,110.518403525445));
#4255=CARTESIAN_POINT('Origin',(-63.6118870201176,-34.99969346417,108.518403525445));
#4256=CARTESIAN_POINT('',(-66.8950927038713,-70.,108.518403525445));
#4257=CARTESIAN_POINT('',(-66.8950927038713,7.50015326791502,108.518403525445));
#4258=CARTESIAN_POINT('',(-60.3286813363638,-70.,108.518403525445));
#4259=CARTESIAN_POINT('',(-62.9838907963444,-70.,108.518403525445));
#4260=CARTESIAN_POINT('',(-60.3286813363638,7.50015326791502,108.518403525445));
#4261=CARTESIAN_POINT('Origin',(-91.1250000167638,2.,129.494935192394));
#4262=CARTESIAN_POINT('',(-60.3286813363639,0.00102305127193253,129.55889735663));
#4263=CARTESIAN_POINT('',(-60.3286813363638,0.,129.494935192394));
#4264=CARTESIAN_POINT('Origin',(-60.3286813363638,2.,129.494935192394));
#4265=CARTESIAN_POINT('',(-4.49999997625127,0.,129.494935192394));
#4266=CARTESIAN_POINT('',(-91.1250000167638,0.,129.494935192394));
#4267=CARTESIAN_POINT('',(-4.49999997625127,2.,131.494935192394));
#4268=CARTESIAN_POINT('Origin',(-4.49999997625127,2.,129.494935192394));
#4269=CARTESIAN_POINT('',(-60.3286813363638,2.,131.494935192394));
#4270=CARTESIAN_POINT('',(-91.1250000167638,2.,131.494935192394));
#4271=CARTESIAN_POINT('Origin',(-60.3286813363638,2.,129.494935192394));
#4272=CARTESIAN_POINT('Origin',(-62.2500000335276,0.,98.2474680804847));
#4273=CARTESIAN_POINT('',(-60.3286813363638,0.,81.6237340402423));
#4274=CARTESIAN_POINT('',(-60.3286813363638,0.,65.0000009685755));
#4275=CARTESIAN_POINT('',(-60.3286813363638,0.,81.6237340402423));
#4276=CARTESIAN_POINT('',(-4.74268834549175,0.,65.0000009685755));
#4277=CARTESIAN_POINT('',(-33.4963441895097,0.,65.));
#4278=CARTESIAN_POINT('',(-4.50000006705523,0.,65.0000009685755));
#4279=CARTESIAN_POINT('',(-4.50000006705523,0.,65.0000009685755));
#4280=CARTESIAN_POINT('',(-4.49999997625127,0.,63.8112347378611));
#4281=CARTESIAN_POINT('Origin',(-60.3286813363638,0.000613071660087172,
131.518403525445));
#4282=CARTESIAN_POINT('',(-60.3286813363638,0.000613071660087172,129.518403525445));
#4283=CARTESIAN_POINT('Origin',(-60.3286813363638,2.00061307166009,129.518403525445));
#4284=CARTESIAN_POINT('',(-60.3286813363638,0.000613071660087172,131.518403525445));
#4285=CARTESIAN_POINT('Origin',(-63.6118870201176,2.00061307166009,129.518403525445));
#4286=CARTESIAN_POINT('',(-60.3286813363638,2.0006130716601,131.518403525445));
#4287=CARTESIAN_POINT('Origin',(-60.3286813363638,2.00061307166009,129.518403525445));
#4288=CARTESIAN_POINT('',(-66.8950927038713,2.0006130716601,131.518403525445));
#4289=CARTESIAN_POINT('',(-63.6118870201176,2.00061307166009,131.518403525445));
#4290=CARTESIAN_POINT('',(-66.8950927038713,0.00102305127194474,129.558897356631));
#4291=CARTESIAN_POINT('Origin',(-66.8950927038714,2.0006130716601,129.518403525445));
#4292=CARTESIAN_POINT('',(-66.8950927038713,0.000613071660091613,129.518403525445));
#4293=CARTESIAN_POINT('Origin',(-66.8950927038713,2.0006130716601,129.518403525445));
#4294=CARTESIAN_POINT('',(-63.6118870201176,0.000613071660089393,129.518403525445));
#4295=CARTESIAN_POINT('Origin',(-66.8950927038713,50.,131.518403525445));
#4296=CARTESIAN_POINT('',(-66.8950927038713,50.,131.518403525445));
#4297=CARTESIAN_POINT('',(-66.8950927038713,50.,131.518403525445));
#4298=CARTESIAN_POINT('',(-66.8950927038713,50.,65.0000009685755));
#4299=CARTESIAN_POINT('',(-66.8950927038713,50.,65.0000009685755));
#4300=CARTESIAN_POINT('',(-66.8950927038713,5.,65.0000009685755));
#4301=CARTESIAN_POINT('',(-66.8950927038713,50.,65.0000009685755));
#4302=CARTESIAN_POINT('',(-66.8950927038713,5.,131.494935192394));
#4303=CARTESIAN_POINT('',(-66.8950927038713,5.,114.882935802965));
#4304=CARTESIAN_POINT('',(-66.8950927038713,2.,131.494935192394));
#4305=CARTESIAN_POINT('',(-66.8950927038713,25.,131.494935192394));
#4306=CARTESIAN_POINT('Origin',(-66.8950927038713,2.,129.494935192394));
#4307=CARTESIAN_POINT('Origin',(-60.3286813363638,50.,131.518403525445));
#4308=CARTESIAN_POINT('',(-60.3286813363638,50.,131.518403525445));
#4309=CARTESIAN_POINT('',(-60.3286813363638,50.,131.518403525445));
#4310=CARTESIAN_POINT('',(-66.8950927038713,50.,131.518403525445));
#4311=CARTESIAN_POINT('Origin',(-91.1250000167638,2.,129.494935192394));
#4312=CARTESIAN_POINT('',(-66.8950927038713,0.,129.494935192394));
#4313=CARTESIAN_POINT('Origin',(-66.8950927038713,2.,129.494935192394));
#4314=CARTESIAN_POINT('',(-120.,2.,131.494935192394));
#4315=CARTESIAN_POINT('',(-91.1250000167638,2.,131.494935192394));
#4316=CARTESIAN_POINT('',(-120.,0.,129.494935192394));
#4317=CARTESIAN_POINT('Origin',(-120.,2.,129.494935192394));
#4318=CARTESIAN_POINT('',(-91.1250000167638,0.,129.494935192394));
#4319=CARTESIAN_POINT('Origin',(-66.8950927038713,-70.,131.518403525445));
#4320=CARTESIAN_POINT('',(-66.8950927038713,0.000613071660091613,131.518403525445));
#4321=CARTESIAN_POINT('',(-66.8950927038713,0.,114.882935802965));
#4322=CARTESIAN_POINT('Origin',(-62.2500000335276,0.,98.2474680804847));
#4323=CARTESIAN_POINT('',(-120.,0.,65.0000009685755));
#4324=CARTESIAN_POINT('',(-120.,0.,126.690114531926));
#4325=CARTESIAN_POINT('',(-119.969100799651,0.,65.0000009685755));
#4326=CARTESIAN_POINT('',(-4.50000006705523,0.,65.0000009685755));
#4327=CARTESIAN_POINT('',(-66.8950927038713,0.,65.0000009685755));
#4328=CARTESIAN_POINT('',(-64.5725463686995,0.,65.));
#4329=CARTESIAN_POINT('',(-66.8950927038713,0.,114.882935802965));
#4330=CARTESIAN_POINT('Origin',(-100.976215229723,-70.,89.542431302583));
#4331=CARTESIAN_POINT('',(-119.976215229723,-75.,89.542431302583));
#4332=CARTESIAN_POINT('',(-100.976215229723,-75.,108.542431302583));
#4333=CARTESIAN_POINT('Origin',(-100.976215229723,-75.,89.542431302583));
#4334=CARTESIAN_POINT('',(-100.976215229723,-70.,108.542431302583));
#4335=CARTESIAN_POINT('',(-100.976215229723,-70.,108.542431302583));
#4336=CARTESIAN_POINT('',(-119.976215229723,-70.,89.542431302583));
#4337=CARTESIAN_POINT('Origin',(-100.976215229723,-70.,89.542431302583));
#4338=CARTESIAN_POINT('',(-119.976215229723,-70.,89.542431302583));
#4339=CARTESIAN_POINT('Origin',(-62.3594517876075,-70.,84.2712156512915));
#4340=CARTESIAN_POINT('',(-4.74268834549175,-70.,108.542431302583));
#4341=CARTESIAN_POINT('',(-119.976215229723,-70.,108.542431302583));
#4342=CARTESIAN_POINT('',(-4.74268834549175,-70.,65.));
#4343=CARTESIAN_POINT('',(-4.74268834549175,-70.,108.542431302583));
#4344=CARTESIAN_POINT('',(-60.3286813363638,-70.,65.));
#4345=CARTESIAN_POINT('',(-119.969100799651,-70.,65.));
#4346=CARTESIAN_POINT('',(-60.3286813363638,-70.,131.518403525445));
#4347=CARTESIAN_POINT('',(-66.8950927038713,-70.,65.0000009685755));
#4348=CARTESIAN_POINT('',(-66.8950927038713,-70.,65.0000009685755));
#4349=CARTESIAN_POINT('',(-119.969100799651,-70.,65.));
#4350=CARTESIAN_POINT('',(-119.969100799651,-70.,65.));
#4351=CARTESIAN_POINT('',(-119.969100799651,-70.,60.));
#4352=CARTESIAN_POINT('',(-119.969100799651,-70.,60.));
#4353=CARTESIAN_POINT('',(-119.976215229723,-70.,60.));
#4354=CARTESIAN_POINT('',(-4.74268834549175,-70.,60.));
#4355=CARTESIAN_POINT('',(-119.976215229723,-70.,60.));
#4356=CARTESIAN_POINT('Origin',(-4.74268834549175,-70.,108.542431302583));
#4357=CARTESIAN_POINT('',(-4.74268834549175,-75.,108.542431302583));
#4358=CARTESIAN_POINT('',(-119.976215229723,-75.,108.542431302583));
#4359=CARTESIAN_POINT('',(-4.74268834549175,-70.,108.542431302583));
#4360=CARTESIAN_POINT('Origin',(-2.49999997625127,0.,222.321260654688));
#4361=CARTESIAN_POINT('',(-2.49999997625127,50.,224.321260654688));
#4362=CARTESIAN_POINT('',(-4.49999997625127,50.,222.321260654688));
#4363=CARTESIAN_POINT('Origin',(-2.49999997625127,50.,222.321260654688));
#4364=CARTESIAN_POINT('',(-4.49999997625127,-60.0000037997961,222.321260654688));
#4365=CARTESIAN_POINT('',(-4.49999997625127,0.,222.321260654688));
#4366=CARTESIAN_POINT('',(-2.49999997625127,-60.0000037997961,224.321260654688));
#4367=CARTESIAN_POINT('Origin',(-2.49999997625127,-60.0000037997961,222.321260654688));
#4368=CARTESIAN_POINT('',(-2.49999997625127,0.,224.321260654688));
#4369=CARTESIAN_POINT('Origin',(-2.49999997625127,-60.0000037997961,204.321260654688));
#4370=CARTESIAN_POINT('',(-4.49999997625127,-78.0000037997961,204.321260654688));
#4371=CARTESIAN_POINT('',(-2.49999997625127,-80.0000037997961,204.321260654688));
#4372=CARTESIAN_POINT('Origin',(-2.49999997625127,-78.0000037997961,204.321260654688));
#4373=CARTESIAN_POINT('Origin',(-2.49999997625127,-60.0000037997961,204.321260654688));
#4374=CARTESIAN_POINT('Origin',(-4.49999997625127,-60.0000037997961,204.321260654688));
#4375=CARTESIAN_POINT('Origin',(-2.49999997625127,-78.0000037997961,126.848131024963));
#4376=CARTESIAN_POINT('',(-4.49999997625127,-78.0000037997961,51.9999988824129));
#4377=CARTESIAN_POINT('',(-2.49999997625127,-80.0000037997961,51.9999988824129));
#4378=CARTESIAN_POINT('Origin',(-2.49999997625127,-78.0000037997961,51.9999988824129));
#4379=CARTESIAN_POINT('',(-2.49999997625127,-80.0000037997961,126.848131024963));
#4380=CARTESIAN_POINT('',(-4.49999997625127,-78.0000037997961,126.848131024963));
#4381=CARTESIAN_POINT('Origin',(-2.49999997625127,-82.0000037997961,51.9999988824129));
#4382=CARTESIAN_POINT('',(-4.49999997625127,-82.0000037997961,47.9999988824129));
#4383=CARTESIAN_POINT('',(-2.49999997625127,-82.0000037997961,49.9999988824129));
#4384=CARTESIAN_POINT('Origin',(-2.49999997625127,-82.0000037997961,47.9999988824129));
#4385=CARTESIAN_POINT('Origin',(-2.49999997625127,-82.0000037997961,51.9999988824129));
#4386=CARTESIAN_POINT('Origin',(-4.49999997625127,-82.0000037997961,51.9999988824129));
#4387=CARTESIAN_POINT('Origin',(-2.49999997625127,-40.0000018998981,47.9999988824129));
#4388=CARTESIAN_POINT('',(-4.49999997625127,-130.,47.9999988824129));
#4389=CARTESIAN_POINT('',(-2.49999997625127,-130.,49.9999988824129));
#4390=CARTESIAN_POINT('Origin',(-2.49999997625127,-130.,47.9999988824129));
#4391=CARTESIAN_POINT('',(-2.49999997625127,-40.0000018998981,49.9999988824129));
#4392=CARTESIAN_POINT('',(-4.49999997625127,-40.0000018998981,47.9999988824129));
#4393=CARTESIAN_POINT('Origin',(-2.49999997625127,-130.,29.9999988824129));
#4394=CARTESIAN_POINT('',(-4.49999997625127,-148.,29.9999988824129));
#4395=CARTESIAN_POINT('',(-2.49999997625127,-150.,29.9999988824129));
#4396=CARTESIAN_POINT('Origin',(-2.49999997625127,-148.,29.9999988824129));
#4397=CARTESIAN_POINT('Origin',(-2.49999997625127,-130.,29.9999988824129));
#4398=CARTESIAN_POINT('Origin',(-4.49999997625127,-130.,29.9999988824129));
#4399=CARTESIAN_POINT('Origin',(-2.49999997625127,-148.,78.1115662101001));
#4400=CARTESIAN_POINT('',(-4.49999997625127,-148.,29.3750013952376));
#4401=CARTESIAN_POINT('',(-2.49999997625127,-150.,29.3750013952376));
#4402=CARTESIAN_POINT('Origin',(-2.49999997625127,-148.,29.3750013952376));
#4403=CARTESIAN_POINT('',(-2.49999997625127,-150.,78.1115662101001));
#4404=CARTESIAN_POINT('',(-4.49999997625127,-148.,78.1115662101001));
#4405=CARTESIAN_POINT('Origin',(-4.49999997625127,0.,29.3750013952376));
#4406=CARTESIAN_POINT('',(-4.49999997625127,50.,29.3750013952376));
#4407=CARTESIAN_POINT('',(-4.49999997625127,50.,29.3750013952376));
#4408=CARTESIAN_POINT('',(-4.49999997625127,0.,29.3750013952376));
#4409=CARTESIAN_POINT('',(-4.50000006705523,5.,65.0000009685755));
#4410=CARTESIAN_POINT('',(-4.49999997625127,0.,65.0000009685755));
#4411=CARTESIAN_POINT('',(-4.50000006705523,5.,131.494935192394));
#4412=CARTESIAN_POINT('',(-4.49999997625127,5.,63.8112347378611));
#4413=CARTESIAN_POINT('',(-4.49999997625127,0.,131.494935192394));
#4414=CARTESIAN_POINT('Origin',(-1.99999997625127,50.,126.848131024963));
#4415=CARTESIAN_POINT('',(0.500000023748726,50.,224.321260654688));
#4416=CARTESIAN_POINT('',(-4.49999997625127,50.,224.321260654688));
#4417=CARTESIAN_POINT('',(0.500000023748726,50.,29.3750013952376));
#4418=CARTESIAN_POINT('',(0.500000023748726,50.,224.321260654688));
#4419=CARTESIAN_POINT('',(0.500000023748726,50.,29.3750013952376));
#4420=CARTESIAN_POINT('Origin',(-4.49999997625127,0.,224.321260654688));
#4421=CARTESIAN_POINT('',(0.500000023748726,-60.0000037997961,224.321260654688));
#4422=CARTESIAN_POINT('',(-1.99999997625127,-60.0000037997961,224.321260654688));
#4423=CARTESIAN_POINT('',(0.500000023748726,0.,224.321260654688));
#4424=CARTESIAN_POINT('Origin',(128.,-148.,134.660165173587));
#4425=CARTESIAN_POINT('',(128.,-150.,0.));
#4426=CARTESIAN_POINT('',(130.,-148.,0.));
#4427=CARTESIAN_POINT('Origin',(128.,-148.,0.));
#4428=CARTESIAN_POINT('',(130.,-148.,30.));
#4429=CARTESIAN_POINT('',(130.,-148.,134.660165173587));
#4430=CARTESIAN_POINT('',(128.,-150.,30.));
#4431=CARTESIAN_POINT('Origin',(128.,-148.,30.));
#4432=CARTESIAN_POINT('',(128.,-150.,134.660165173587));
#4433=CARTESIAN_POINT('Origin',(128.,-130.,30.));
#4434=CARTESIAN_POINT('',(130.,-130.,48.));
#4435=CARTESIAN_POINT('',(128.,-130.,50.));
#4436=CARTESIAN_POINT('Origin',(128.,-130.,48.));
#4437=CARTESIAN_POINT('Origin',(128.,-130.,30.));
#4438=CARTESIAN_POINT('Origin',(130.,-130.,30.));
#4439=CARTESIAN_POINT('Origin',(128.,-75.0000011175871,48.));
#4440=CARTESIAN_POINT('',(130.,-82.,48.));
#4441=CARTESIAN_POINT('',(128.,-82.,50.));
#4442=CARTESIAN_POINT('Origin',(128.,-82.,48.));
#4443=CARTESIAN_POINT('',(128.,-75.0000011175871,50.));
#4444=CARTESIAN_POINT('',(130.,-75.0000011175871,48.));
#4445=CARTESIAN_POINT('Origin',(128.,-82.,52.));
#4446=CARTESIAN_POINT('',(130.,-78.,52.));
#4447=CARTESIAN_POINT('',(128.,-80.,52.));
#4448=CARTESIAN_POINT('Origin',(128.,-78.,52.));
#4449=CARTESIAN_POINT('Origin',(128.,-82.,52.));
#4450=CARTESIAN_POINT('Origin',(130.,-82.,52.));
#4451=CARTESIAN_POINT('Origin',(128.,-78.,137.16016483831));
#4452=CARTESIAN_POINT('',(130.,-78.,204.320329676621));
#4453=CARTESIAN_POINT('',(128.,-80.,204.320329676621));
#4454=CARTESIAN_POINT('Origin',(128.,-78.,204.320329676621));
#4455=CARTESIAN_POINT('',(128.,-80.,137.16016483831));
#4456=CARTESIAN_POINT('',(130.,-78.,137.16016483831));
#4457=CARTESIAN_POINT('Origin',(128.,-60.,204.320329676621));
#4458=CARTESIAN_POINT('',(130.,-60.,222.320329676621));
#4459=CARTESIAN_POINT('',(128.,-60.,224.320329676621));
#4460=CARTESIAN_POINT('Origin',(128.,-60.,222.320329676621));
#4461=CARTESIAN_POINT('Origin',(128.,-60.,204.320329676621));
#4462=CARTESIAN_POINT('Origin',(130.,-60.,204.320329676621));
#4463=CARTESIAN_POINT('Origin',(128.,0.,222.320329676621));
#4464=CARTESIAN_POINT('',(130.,50.,222.320329676621));
#4465=CARTESIAN_POINT('',(128.,50.,224.320329676621));
#4466=CARTESIAN_POINT('Origin',(128.,50.,222.320329676621));
#4467=CARTESIAN_POINT('',(128.,0.,224.320329676621));
#4468=CARTESIAN_POINT('',(130.,0.,222.320329676621));
#4469=CARTESIAN_POINT('Origin',(-167.500002495944,-150.,45.0000006705523));
#4470=CARTESIAN_POINT('',(125.000001862645,-150.,30.));
#4471=CARTESIAN_POINT('',(-83.7500012479722,-150.,30.));
#4472=CARTESIAN_POINT('',(125.,-150.,5.));
#4473=CARTESIAN_POINT('',(125.000001862645,-150.,224.320329676621));
#4474=CARTESIAN_POINT('',(124.777736772035,-150.,5.00000659375558));
#4475=CARTESIAN_POINT('',(125.,-150.,5.));
#4476=CARTESIAN_POINT('',(-120.,-150.,5.));
#4477=CARTESIAN_POINT('',(125.,-150.,5.));
#4478=CARTESIAN_POINT('',(-120.,-150.,30.));
#4479=CARTESIAN_POINT('',(-120.,-150.,4.00000009685755));
#4480=CARTESIAN_POINT('',(-125.000001862645,-150.,30.));
#4481=CARTESIAN_POINT('',(-83.7500012479722,-150.,30.));
#4482=CARTESIAN_POINT('',(-125.,-150.,5.));
#4483=CARTESIAN_POINT('',(-125.000001862645,-150.,155.132760983367));
#4484=CARTESIAN_POINT('',(-165.,-150.,5.));
#4485=CARTESIAN_POINT('',(-165.,-150.,5.));
#4486=CARTESIAN_POINT('',(-165.000002458692,-150.,30.));
#4487=CARTESIAN_POINT('',(-165.000002458692,-150.,90.0000013411045));
#4488=CARTESIAN_POINT('',(-168.000002533197,-150.,30.));
#4489=CARTESIAN_POINT('',(-168.750002514571,-150.,30.));
#4490=CARTESIAN_POINT('',(-168.000002533197,-150.,0.));
#4491=CARTESIAN_POINT('',(-168.000002533197,-150.,22.5000003352761));
#4492=CARTESIAN_POINT('',(-165.000002458692,-150.,0.));
#4493=CARTESIAN_POINT('Origin',(-83.7500012479722,-130.,30.));
#4494=CARTESIAN_POINT('',(125.000001862645,-130.,50.));
#4495=CARTESIAN_POINT('',(-83.7500012479722,-130.,50.));
#4496=CARTESIAN_POINT('Origin',(125.000001862645,-130.,30.));
#4497=CARTESIAN_POINT('Origin',(0.,-150.000002235174,50.));
#4498=CARTESIAN_POINT('',(125.000001862645,-82.,50.));
#4499=CARTESIAN_POINT('',(0.,-82.,50.));
#4500=CARTESIAN_POINT('',(125.000001862645,-75.0000011175871,50.));
#4501=CARTESIAN_POINT('Origin',(0.,-82.,52.));
#4502=CARTESIAN_POINT('',(125.000001862645,-80.,52.));
#4503=CARTESIAN_POINT('',(0.,-80.,52.));
#4504=CARTESIAN_POINT('Origin',(125.000001862645,-82.,52.));
#4505=CARTESIAN_POINT('Origin',(0.,-80.,50.));
#4506=CARTESIAN_POINT('',(125.000001862645,-80.,204.320329676621));
#4507=CARTESIAN_POINT('',(62.5000009313226,-80.,204.320329676621));
#4508=CARTESIAN_POINT('',(125.000001862645,-80.,25.));
#4509=CARTESIAN_POINT('Origin',(62.5000009313226,-60.,204.320329676621));
#4510=CARTESIAN_POINT('',(125.000001862645,-60.,224.320329676621));
#4511=CARTESIAN_POINT('',(62.5000009313226,-60.,224.320329676621));
#4512=CARTESIAN_POINT('Origin',(125.000001862645,-60.,204.320329676621));
#4513=CARTESIAN_POINT('Origin',(125.000001862645,0.,224.320329676621));
#4514=CARTESIAN_POINT('',(125.000001862645,50.,224.320329676621));
#4515=CARTESIAN_POINT('',(130.,50.,224.320329676621));
#4516=CARTESIAN_POINT('',(125.000001862645,0.,224.320329676621));
#4517=CARTESIAN_POINT('Origin',(-125.,50.,0.));
#4518=CARTESIAN_POINT('',(130.,50.,0.));
#4519=CARTESIAN_POINT('',(130.,50.,0.));
#4520=CARTESIAN_POINT('',(-170.000002533197,50.,0.));
#4521=CARTESIAN_POINT('',(-125.,50.,0.));
#4522=CARTESIAN_POINT('',(-170.000002533197,50.,88.0000013411045));
#4523=CARTESIAN_POINT('',(-170.000002533197,50.,0.));
#4524=CARTESIAN_POINT('',(-168.000002533197,50.,90.0000013411045));
#4525=CARTESIAN_POINT('Origin',(-168.000002533197,50.,88.0000013411045));
#4526=CARTESIAN_POINT('',(-165.000002458692,50.,90.0000013411045));
#4527=CARTESIAN_POINT('',(-170.000002533197,50.,90.0000013411045));
#4528=CARTESIAN_POINT('',(-165.,50.,5.));
#4529=CARTESIAN_POINT('',(-165.000002458692,50.,90.0000013411045));
#4530=CARTESIAN_POINT('',(-125.,50.,5.));
#4531=CARTESIAN_POINT('',(-125.,50.,5.));
#4532=CARTESIAN_POINT('',(-125.000001862645,50.,155.132760983367));
#4533=CARTESIAN_POINT('',(-125.000001862645,50.,155.132760983367));
#4534=CARTESIAN_POINT('',(-120.,50.,155.132760983367));
#4535=CARTESIAN_POINT('',(-120.,50.,155.132760983367));
#4536=CARTESIAN_POINT('',(-120.000005699694,50.,24.0068780695741));
#4537=CARTESIAN_POINT('',(-120.,50.,4.00000009685755));
#4538=CARTESIAN_POINT('',(124.777777880023,50.,24.0068780695741));
#4539=CARTESIAN_POINT('',(124.777777880023,50.,24.0068780695741));
#4540=CARTESIAN_POINT('',(124.777777880023,50.,5.00000023748726));
#4541=CARTESIAN_POINT('',(124.777777880023,50.,5.00000023748726));
#4542=CARTESIAN_POINT('',(125.,50.,5.));
#4543=CARTESIAN_POINT('',(-125.,50.,5.));
#4544=CARTESIAN_POINT('',(125.000001862645,50.,224.320329676621));
#4545=CARTESIAN_POINT('Origin',(-168.000002533197,0.,88.0000013411045));
#4546=CARTESIAN_POINT('',(-170.000002533197,-60.,88.0000013411045));
#4547=CARTESIAN_POINT('',(-170.000002533197,0.,88.0000013411045));
#4548=CARTESIAN_POINT('',(-168.000002533197,-60.,90.0000013411045));
#4549=CARTESIAN_POINT('Origin',(-168.000002533197,-60.,88.0000013411045));
#4550=CARTESIAN_POINT('',(-168.000002533197,0.,90.0000013411045));
#4551=CARTESIAN_POINT('Origin',(-168.000002533197,-60.,70.0000013411045));
#4552=CARTESIAN_POINT('',(-170.000002533197,-78.,70.0000013411045));
#4553=CARTESIAN_POINT('',(-168.000002533197,-80.,70.0000013411045));
#4554=CARTESIAN_POINT('Origin',(-168.000002533197,-78.,70.0000013411045));
#4555=CARTESIAN_POINT('Origin',(-168.000002533197,-60.,70.0000013411045));
#4556=CARTESIAN_POINT('Origin',(-170.000002533197,-60.,70.0000013411045));
#4557=CARTESIAN_POINT('Origin',(-168.000002533197,-78.,25.));
#4558=CARTESIAN_POINT('',(-170.000002533197,-78.,52.));
#4559=CARTESIAN_POINT('',(-168.000002533197,-80.,52.));
#4560=CARTESIAN_POINT('Origin',(-168.000002533197,-78.,52.));
#4561=CARTESIAN_POINT('',(-168.000002533197,-80.,25.));
#4562=CARTESIAN_POINT('',(-170.000002533197,-78.,25.));
#4563=CARTESIAN_POINT('Origin',(-168.000002533197,-82.,52.));
#4564=CARTESIAN_POINT('',(-170.000002533197,-82.,48.));
#4565=CARTESIAN_POINT('',(-168.000002533197,-82.,50.));
#4566=CARTESIAN_POINT('Origin',(-168.000002533197,-82.,48.));
#4567=CARTESIAN_POINT('Origin',(-168.000002533197,-82.,52.));
#4568=CARTESIAN_POINT('Origin',(-170.000002533197,-82.,52.));
#4569=CARTESIAN_POINT('Origin',(-168.000002533197,-75.,48.));
#4570=CARTESIAN_POINT('',(-170.000002533197,-130.,48.));
#4571=CARTESIAN_POINT('',(-168.000002533197,-130.,50.));
#4572=CARTESIAN_POINT('Origin',(-168.000002533197,-130.,48.));
#4573=CARTESIAN_POINT('',(-168.000002533197,-75.,50.));
#4574=CARTESIAN_POINT('',(-170.000002533197,-75.,48.));
#4575=CARTESIAN_POINT('Origin',(-168.000002533197,-130.,30.));
#4576=CARTESIAN_POINT('',(-170.000002533197,-148.,30.));
#4577=CARTESIAN_POINT('Origin',(-168.000002533197,-148.,30.));
#4578=CARTESIAN_POINT('Origin',(-168.000002533197,-130.,30.));
#4579=CARTESIAN_POINT('Origin',(-170.000002533197,-130.,30.));
#4580=CARTESIAN_POINT('Origin',(-168.000002533197,-148.,22.5000003352761));
#4581=CARTESIAN_POINT('',(-170.000002533197,-148.,0.));
#4582=CARTESIAN_POINT('Origin',(-168.000002533197,-148.,0.));
#4583=CARTESIAN_POINT('',(-170.000002533197,-148.,22.5000003352761));
#4584=CARTESIAN_POINT('Origin',(-170.000002533197,0.,0.));
#4585=CARTESIAN_POINT('',(-170.000002533197,0.,0.));
#4586=CARTESIAN_POINT('Origin',(-170.000002533197,0.,90.0000013411045));
#4587=CARTESIAN_POINT('',(-165.000002458692,-60.,90.0000013411045));
#4588=CARTESIAN_POINT('',(-170.000002533197,-60.,90.0000013411045));
#4589=CARTESIAN_POINT('',(-165.000002458692,0.,90.0000013411045));
#4590=CARTESIAN_POINT('Origin',(0.500000023748726,-82.0000037997961,51.9999988824129));
#4591=CARTESIAN_POINT('',(0.500000023748726,-82.0000037997961,49.9999988824129));
#4592=CARTESIAN_POINT('',(0.500000023748726,-82.0000037997961,49.9999988824129));
#4593=CARTESIAN_POINT('',(0.500000023748726,-80.0000037997961,51.9999988824129));
#4594=CARTESIAN_POINT('Origin',(0.500000023748726,-82.0000037997961,51.9999988824129));
#4595=CARTESIAN_POINT('',(0.500000023748726,-80.0000037997961,51.9999988824129));
#4596=CARTESIAN_POINT('Origin',(0.500000023748726,-80.0000037997961,224.321260654688));
#4597=CARTESIAN_POINT('',(0.500000023748726,-80.0000037997961,204.321260654688));
#4598=CARTESIAN_POINT('',(0.500000023748726,-80.0000037997961,224.321260654688));
#4599=CARTESIAN_POINT('',(-1.99999997625127,-80.0000037997961,204.321260654688));
#4600=CARTESIAN_POINT('Origin',(0.,-82.,52.));
#4601=CARTESIAN_POINT('',(-120.,-82.,50.));
#4602=CARTESIAN_POINT('',(-120.,-80.,52.));
#4603=CARTESIAN_POINT('Origin',(-120.,-82.,52.));
#4604=CARTESIAN_POINT('',(-125.000001862645,-80.,52.));
#4605=CARTESIAN_POINT('',(0.,-80.,52.));
#4606=CARTESIAN_POINT('',(-125.000001862645,-82.,50.));
#4607=CARTESIAN_POINT('Origin',(-125.000001862645,-82.,52.));
#4608=CARTESIAN_POINT('',(0.,-82.,50.));
#4609=CARTESIAN_POINT('Origin',(0.,-80.,90.));
#4610=CARTESIAN_POINT('',(-120.,-80.,70.));
#4611=CARTESIAN_POINT('',(-120.,-80.,122.566380491683));
#4612=CARTESIAN_POINT('',(-125.000001862645,-80.,70.));
#4613=CARTESIAN_POINT('',(0.,-80.,70.));
#4614=CARTESIAN_POINT('',(-125.000001862645,-80.,47.0000000484288));
#4615=CARTESIAN_POINT('Origin',(-170.000002533197,-82.,52.));
#4616=CARTESIAN_POINT('',(-165.000002458692,-82.,50.));
#4617=CARTESIAN_POINT('',(-170.000002533197,-82.,50.));
#4618=CARTESIAN_POINT('',(-165.000002458692,-80.,52.));
#4619=CARTESIAN_POINT('Origin',(-165.000002458692,-82.,52.));
#4620=CARTESIAN_POINT('',(-170.000002533197,-80.,52.));
#4621=CARTESIAN_POINT('Origin',(-170.000002533197,-150.,50.));
#4622=CARTESIAN_POINT('',(-165.000002458692,-130.,50.));
#4623=CARTESIAN_POINT('',(-168.750002514571,-130.,50.));
#4624=CARTESIAN_POINT('',(-165.000002458692,-75.,50.));
#4625=CARTESIAN_POINT('Origin',(-119.976215229723,-70.,108.542431302583));
#4626=CARTESIAN_POINT('',(-119.976215229723,-75.,60.));
#4627=CARTESIAN_POINT('',(-119.976215229723,-70.,60.));
#4628=CARTESIAN_POINT('',(-119.976215229723,-75.,60.));
#4629=CARTESIAN_POINT('Origin',(-62.3594517876075,-75.,84.2712156512915));
#4630=CARTESIAN_POINT('',(-4.74268834549175,-75.,60.));
#4631=CARTESIAN_POINT('',(-4.74268834549175,-75.,60.));
#4632=CARTESIAN_POINT('',(-4.74268834549175,-75.,108.542431302583));
#4633=CARTESIAN_POINT('Origin',(-66.8950927038713,0.000613071660091613,
131.518403525445));
#4634=CARTESIAN_POINT('Origin',(-66.8950927038713,50.,131.518403525445));
#4635=CARTESIAN_POINT('',(-66.8950927038713,50.,65.0000009685755));
#4636=CARTESIAN_POINT('Origin',(-60.3286813363638,50.,65.));
#4637=CARTESIAN_POINT('',(-60.3286813363638,50.,65.));
#4638=CARTESIAN_POINT('Origin',(-60.3286813363638,50.,65.));
#4639=CARTESIAN_POINT('',(-60.3286813363638,5.,131.494935192394));
#4640=CARTESIAN_POINT('',(-60.3286813363638,25.,131.494935192394));
#4641=CARTESIAN_POINT('',(-60.3286813363638,5.,65.0000009685755));
#4642=CARTESIAN_POINT('',(-60.3286813363638,5.,81.6237340402423));
#4643=CARTESIAN_POINT('',(-60.3286813363638,50.,65.));
#4644=CARTESIAN_POINT('',(-60.3286813363638,50.,65.));
#4645=CARTESIAN_POINT('',(-60.3286813363638,50.,131.518403525445));
#4646=CARTESIAN_POINT('Origin',(-120.,0.,131.494935192394));
#4647=CARTESIAN_POINT('',(-120.,5.,131.494935192394));
#4648=CARTESIAN_POINT('',(-120.,5.,131.494935192394));
#4649=CARTESIAN_POINT('',(-120.,0.,131.494935192394));
#4650=CARTESIAN_POINT('Origin',(-62.2500000335276,5.,98.2474680804847));
#4651=CARTESIAN_POINT('',(-119.969100799651,5.,65.0000009685755));
#4652=CARTESIAN_POINT('',(-64.5725463686995,5.,65.));
#4653=CARTESIAN_POINT('',(-120.,5.,65.0000009685755));
#4654=CARTESIAN_POINT('',(-4.50000006705523,5.,65.0000009685755));
#4655=CARTESIAN_POINT('',(-120.,5.,126.690114531926));
#4656=CARTESIAN_POINT('Origin',(-4.50000006705523,0.,65.0000009685755));
#4657=CARTESIAN_POINT('',(-119.969100799651,50.,65.));
#4658=CARTESIAN_POINT('',(-120.,0.,65.0000009685755));
#4659=CARTESIAN_POINT('Origin',(-4.50000006705523,0.,65.0000009685755));
#4660=CARTESIAN_POINT('',(-4.74268834549175,5.,65.0000009685755));
#4661=CARTESIAN_POINT('',(-4.74268834549175,50.,65.));
#4662=CARTESIAN_POINT('',(-4.50000006705523,5.,65.0000009685755));
#4663=CARTESIAN_POINT('Origin',(-120.,0.,131.494935192394));
#4664=CARTESIAN_POINT('',(-120.,5.,131.494935192394));
#4665=CARTESIAN_POINT('Origin',(-62.2500000335276,5.,98.2474680804847));
#4666=CARTESIAN_POINT('',(-33.4963441895097,5.,65.));
#4667=CARTESIAN_POINT('Origin',(-4.74268834549175,50.,65.));
#4668=CARTESIAN_POINT('',(-4.74268834549175,50.,65.));
#4669=CARTESIAN_POINT('',(-4.74268834549175,50.,65.));
#4670=CARTESIAN_POINT('',(-119.969100799651,50.,65.));
#4671=CARTESIAN_POINT('Origin',(-66.8950927038713,50.,65.));
#4672=CARTESIAN_POINT('',(-119.969100799651,50.,65.));
#4673=CARTESIAN_POINT('',(-119.969100799651,50.,65.));
#4674=CARTESIAN_POINT('',(-119.969100799651,50.,65.));
#4675=CARTESIAN_POINT('Origin',(-66.8950927038713,50.,65.));
#4676=CARTESIAN_POINT('',(-119.969100799651,50.,65.));
#4677=CARTESIAN_POINT('Origin',(-4.74268834549175,50.,65.));
#4678=CARTESIAN_POINT('',(-4.74268834549175,50.,65.));
#4679=CARTESIAN_POINT('Origin',(-4.74268834549175,50.,60.));
#4680=CARTESIAN_POINT('',(-4.74268834549175,50.,60.));
#4681=CARTESIAN_POINT('',(-4.74268834549175,50.,65.));
#4682=CARTESIAN_POINT('',(-4.74268834549175,50.,60.));
#4683=CARTESIAN_POINT('Origin',(-119.969100799651,50.,60.));
#4684=CARTESIAN_POINT('',(-119.969100799651,50.,60.));
#4685=CARTESIAN_POINT('',(-4.74268834549175,50.,60.));
#4686=CARTESIAN_POINT('',(-119.969100799651,50.,60.));
#4687=CARTESIAN_POINT('Origin',(-119.969100799651,50.,65.));
#4688=CARTESIAN_POINT('',(-119.969100799651,50.,60.));
#4689=CARTESIAN_POINT('Origin',(-62.3558945725711,50.,95.7592017627225));
#4690=CARTESIAN_POINT('Origin',(-2.02224239616309,-155.,13.9356620849815));
#4691=CARTESIAN_POINT('',(-2.02224239616309,-157.,8.93566208498146));
#4692=CARTESIAN_POINT('',(-7.02224239616309,-157.,13.9356620849815));
#4693=CARTESIAN_POINT('Origin',(-2.02224239616309,-157.,13.9356620849815));
#4694=CARTESIAN_POINT('',(-7.02224239616309,-155.,13.9356620849815));
#4695=CARTESIAN_POINT('',(-7.02224239616309,-155.,13.9356620849815));
#4696=CARTESIAN_POINT('',(-2.02224239616309,-155.,8.93566208498146));
#4697=CARTESIAN_POINT('Origin',(-2.02224239616309,-155.,13.9356620849815));
#4698=CARTESIAN_POINT('',(-2.02224239616309,-155.,8.93566208498146));
#4699=CARTESIAN_POINT('Origin',(2.21617655351153,-155.,14.0532171118178));
#4700=CARTESIAN_POINT('',(-7.02224239616309,-155.,14.1707721386541));
#4701=CARTESIAN_POINT('',(-7.02224239616309,-155.,8.93566208498146));
#4702=CARTESIAN_POINT('',(-2.02224239616309,-155.,19.1707721386541));
#4703=CARTESIAN_POINT('Origin',(-2.02224239616309,-155.,14.1707721386541));
#4704=CARTESIAN_POINT('',(6.45459550318615,-155.,19.1707721386541));
#4705=CARTESIAN_POINT('',(-7.02224239616309,-155.,19.1707721386541));
#4706=CARTESIAN_POINT('',(11.4545955031862,-155.,14.1707721386541));
#4707=CARTESIAN_POINT('Origin',(6.45459550318615,-155.,14.1707721386541));
#4708=CARTESIAN_POINT('',(11.4545955031862,-155.,13.9356620849815));
#4709=CARTESIAN_POINT('',(11.4545955031862,-155.,19.1707721386541));
#4710=CARTESIAN_POINT('',(6.45459550318615,-155.,8.93566208498146));
#4711=CARTESIAN_POINT('Origin',(6.45459550318615,-155.,13.9356620849815));
#4712=CARTESIAN_POINT('',(11.4545955031862,-155.,8.93566208498146));
#4713=CARTESIAN_POINT('',(-1.38742851902669,-155.,13.9944828839707));
#4714=CARTESIAN_POINT('Origin',(2.38886718906471,-155.,13.9944828839707));
#4715=CARTESIAN_POINT('Origin',(-7.02224239616309,-155.,19.1707721386541));
#4716=CARTESIAN_POINT('',(-7.02224239616309,-157.,14.1707721386541));
#4717=CARTESIAN_POINT('',(-7.02224239616309,-157.,8.93566208498146));
#4718=CARTESIAN_POINT('',(-7.02224239616309,-155.,14.1707721386541));
#4719=CARTESIAN_POINT('Origin',(-2.02224239616309,-155.,14.1707721386541));
#4720=CARTESIAN_POINT('',(-2.02224239616309,-157.,19.1707721386541));
#4721=CARTESIAN_POINT('Origin',(-2.02224239616309,-157.,14.1707721386541));
#4722=CARTESIAN_POINT('',(-2.02224239616309,-155.,19.1707721386541));
#4723=CARTESIAN_POINT('Origin',(6.45459550318615,-155.,13.9356620849815));
#4724=CARTESIAN_POINT('',(11.4545955031862,-157.,13.9356620849815));
#4725=CARTESIAN_POINT('',(6.45459550318615,-157.,8.93566208498146));
#4726=CARTESIAN_POINT('Origin',(6.45459550318615,-157.,13.9356620849815));
#4727=CARTESIAN_POINT('',(6.45459550318615,-155.,8.93566208498146));
#4728=CARTESIAN_POINT('',(11.4545955031862,-155.,13.9356620849815));
#4729=CARTESIAN_POINT('Origin',(11.4545955031862,-155.,8.93566208498146));
#4730=CARTESIAN_POINT('',(11.4545955031862,-157.,14.1707721386541));
#4731=CARTESIAN_POINT('',(11.4545955031862,-155.,14.1707721386541));
#4732=CARTESIAN_POINT('',(11.4545955031862,-157.,19.1707721386541));
#4733=CARTESIAN_POINT('Origin',(6.45459550318615,-155.,14.1707721386541));
#4734=CARTESIAN_POINT('',(6.45459550318615,-157.,19.1707721386541));
#4735=CARTESIAN_POINT('Origin',(6.45459550318615,-157.,14.1707721386541));
#4736=CARTESIAN_POINT('',(6.45459550318615,-155.,19.1707721386541));
#4737=CARTESIAN_POINT('Origin',(11.4545955031862,-155.,19.1707721386541));
#4738=CARTESIAN_POINT('',(-7.02224239616309,-157.,19.1707721386541));
#4739=CARTESIAN_POINT('Origin',(-7.02224239616309,-155.,8.93566208498146));
#4740=CARTESIAN_POINT('',(11.4545955031862,-157.,8.93566208498146));
#4741=CARTESIAN_POINT('Origin',(2.21617655351153,-157.,14.0532171118178));
#4742=CARTESIAN_POINT('Origin',(2.38886718906471,-149.,13.9944828839707));
#4743=CARTESIAN_POINT('',(-1.38742851902669,-149.,13.9944828839707));
#4744=CARTESIAN_POINT('',(-1.38742851902669,-149.,13.9944828839707));
#4745=CARTESIAN_POINT('Origin',(2.38886718906471,-149.,13.9944828839707));
#4746=CARTESIAN_POINT('Origin',(2.38886718906471,-149.,14.5000034756917));
#4747=CARTESIAN_POINT('',(124.777736166269,-149.,5.));
#4748=CARTESIAN_POINT('',(-120.000001788139,-149.,5.00000659375558));
#4749=CARTESIAN_POINT('',(2.44443359453236,-149.,5.));
#4750=CARTESIAN_POINT('',(124.777736166269,-149.,24.0000003576279));
#4751=CARTESIAN_POINT('',(124.777736166269,-149.,24.0000003576279));
#4752=CARTESIAN_POINT('',(-120.000001788139,-149.,24.0000003576279));
#4753=CARTESIAN_POINT('',(-120.000001788139,-149.,24.0000003576279));
#4754=CARTESIAN_POINT('',(-120.,-149.,84.8163822295292));
#4755=CARTESIAN_POINT('Origin',(2.38886718906471,-145.,14.5000034756917));
#4756=CARTESIAN_POINT('',(-117.000001743436,-145.,24.0000003576279));
#4757=CARTESIAN_POINT('',(-117.000001743436,-145.,7.99999997167709));
#4758=CARTESIAN_POINT('',(-117.000001743436,-145.,19.2516973467648));
#4759=CARTESIAN_POINT('',(121.777736771958,-145.,24.0000003576279));
#4760=CARTESIAN_POINT('',(-120.000001788139,-145.,24.0000003576279));
#4761=CARTESIAN_POINT('',(121.777736771936,-145.,7.99999985941013));
#4762=CARTESIAN_POINT('',(121.777736771941,-145.,11.2516970975744));
#4763=CARTESIAN_POINT('',(-57.3055671272728,-145.,7.99999994361035));
#4764=CARTESIAN_POINT('Origin',(2.38886749194791,-145.,14.5033943359018));
#4765=CARTESIAN_POINT('',(124.777736166269,-145.,24.0000003576279));
#4766=CARTESIAN_POINT('',(63.5833018291083,-145.,24.0000003576279));
#4767=CARTESIAN_POINT('',(124.777736771933,-145.,24.0067820780442));
#4768=CARTESIAN_POINT('',(124.777736771959,-145.,19.2550882073002));
#4769=CARTESIAN_POINT('',(121.777736771958,-145.,24.006782078048));
#4770=CARTESIAN_POINT('',(62.083302131959,-145.,24.0067820781244));
#4771=CARTESIAN_POINT('',(121.777736771941,-145.,11.2516970975744));
#4772=CARTESIAN_POINT('Origin',(-120.000001788139,0.,24.0000003576279));
#4773=CARTESIAN_POINT('',(-117.000001743436,45.,24.0000003576279));
#4774=CARTESIAN_POINT('',(-117.000001743436,0.,24.0000003576279));
#4775=CARTESIAN_POINT('',(-120.000005699694,45.,24.0000003576279));
#4776=CARTESIAN_POINT('',(-58.8055578489874,45.,24.0000003576279));
#4777=CARTESIAN_POINT('',(-120.,0.,24.0000003576279));
#4778=CARTESIAN_POINT('',(124.777736166269,-145.,24.0000003576279));
#4779=CARTESIAN_POINT('Origin',(-117.000001743436,0.,24.0000003576279));
#4780=CARTESIAN_POINT('',(-117.000001743436,45.,7.99999997167709));
#4781=CARTESIAN_POINT('',(-117.000001743436,0.,7.99999997167709));
#4782=CARTESIAN_POINT('',(-117.000001743436,45.,19.2517197555793));
#4783=CARTESIAN_POINT('Origin',(-117.000001743436,0.,7.99999997167709));
#4784=CARTESIAN_POINT('',(121.777736771936,45.,7.99999985941012));
#4785=CARTESIAN_POINT('',(121.777736771936,0.,7.99999985941012));
#4786=CARTESIAN_POINT('',(-57.3055578281645,45.,7.99999994361034));
#4787=CARTESIAN_POINT('Origin',(121.777736771936,0.,7.99999985941012));
#4788=CARTESIAN_POINT('',(121.777736771958,45.,24.006782078048));
#4789=CARTESIAN_POINT('',(121.777736771958,0.,24.006782078048));
#4790=CARTESIAN_POINT('',(121.777736771941,45.,11.2517195063888));
#4791=CARTESIAN_POINT('Origin',(2.38888609016456,45.,14.5034391535307));
#4792=CARTESIAN_POINT('',(124.777736772035,45.,5.00000023748726));
#4793=CARTESIAN_POINT('',(124.777736771933,45.,24.0067820780442));
#4794=CARTESIAN_POINT('',(124.777736771959,45.,19.2551106161147));
#4795=CARTESIAN_POINT('',(124.777777880023,45.,5.00000023748726));
#4796=CARTESIAN_POINT('',(2.44444304508228,45.,5.));
#4797=CARTESIAN_POINT('',(124.777777880023,45.,24.0068780695741));
#4798=CARTESIAN_POINT('',(124.777777880023,45.,19.2551586115524));
#4799=CARTESIAN_POINT('',(-120.,45.,24.0068780695741));
#4800=CARTESIAN_POINT('',(-58.8055598047648,45.,24.0068780695741));
#4801=CARTESIAN_POINT('',(-120.,45.,84.8181000684487));
#4802=CARTESIAN_POINT('',(62.0833114310673,45.,24.0067820781244));
#4803=CARTESIAN_POINT('Origin',(-120.000005699694,0.,24.0068780695741));
#4804=CARTESIAN_POINT('',(124.777777880023,0.,24.0068780695741));
#4805=CARTESIAN_POINT('',(-120.,0.,24.0068780695741));
#4806=CARTESIAN_POINT('Origin',(124.777777880023,0.,24.0068780695741));
#4807=CARTESIAN_POINT('',(124.777777880023,0.,5.));
#4808=CARTESIAN_POINT('Origin',(2.5,0.,5.));
#4809=CARTESIAN_POINT('',(-120.000001788139,-160.,5.00000659375558));
#4810=CARTESIAN_POINT('',(125.,50.,5.));
#4811=CARTESIAN_POINT('',(124.777736772035,-145.,5.00000659375558));
#4812=CARTESIAN_POINT('',(124.777736772035,0.,5.));
#4813=CARTESIAN_POINT('',(124.777736166269,-72.5,5.));
#4814=CARTESIAN_POINT('Origin',(124.777736771933,0.,24.0067820780442));
#4815=CARTESIAN_POINT('',(124.777736771933,0.,24.0067820780442));
#4816=CARTESIAN_POINT('Origin',(121.777736771958,0.,24.006782078048));
#4817=CARTESIAN_POINT('Origin',(125.000001862645,0.,0.));
#4818=CARTESIAN_POINT('Origin',(130.,0.,224.320329676621));
#4819=CARTESIAN_POINT('',(130.,0.,0.));
#4820=CARTESIAN_POINT('Origin',(-62.5000009313226,10.,135.132760983367));
#4821=CARTESIAN_POINT('',(-120.,-10.,135.132760983367));
#4822=CARTESIAN_POINT('',(-120.,10.,155.132760983367));
#4823=CARTESIAN_POINT('Origin',(-120.,10.,135.132760983367));
#4824=CARTESIAN_POINT('',(-125.000001862645,10.,155.132760983367));
#4825=CARTESIAN_POINT('',(-62.5000009313226,10.,155.132760983367));
#4826=CARTESIAN_POINT('',(-125.000001862645,-10.,135.132760983367));
#4827=CARTESIAN_POINT('Origin',(-125.000001862645,10.,135.132760983367));
#4828=CARTESIAN_POINT('',(-62.5000009313226,-10.,135.132760983367));
#4829=CARTESIAN_POINT('Origin',(0.,-9.99999999999999,155.13436051444));
#4830=CARTESIAN_POINT('',(-125.000001862645,-10.,90.));
#4831=CARTESIAN_POINT('',(-125.000001862645,-10.,79.5671803056486));
#4832=CARTESIAN_POINT('',(-120.,-10.,90.));
#4833=CARTESIAN_POINT('',(0.,-10.,90.));
#4834=CARTESIAN_POINT('',(-120.,-9.99999999999999,155.133560748903));
#4835=CARTESIAN_POINT('Origin',(-125.000001862645,0.,4.00000009685755));
#4836=CARTESIAN_POINT('',(-125.000001862645,0.,155.132760983367));
#4837=CARTESIAN_POINT('',(-125.,-50.,5.));
#4838=CARTESIAN_POINT('',(-125.000001862645,-130.,50.));
#4839=CARTESIAN_POINT('Origin',(-125.000001862645,-130.,30.));
#4840=CARTESIAN_POINT('',(-125.000001862645,-40.,50.));
#4841=CARTESIAN_POINT('',(-125.000001862645,-60.,90.));
#4842=CARTESIAN_POINT('Origin',(-125.000001862645,-60.,70.));
#4843=CARTESIAN_POINT('',(-125.000001862645,-5.,90.));
#4844=CARTESIAN_POINT('Origin',(0.,-60.,70.));
#4845=CARTESIAN_POINT('',(-120.,-60.,90.));
#4846=CARTESIAN_POINT('Origin',(-120.,-60.,70.));
#4847=CARTESIAN_POINT('',(0.,-60.,90.));
#4848=CARTESIAN_POINT('Origin',(-83.7500012479722,-130.,30.));
#4849=CARTESIAN_POINT('',(-120.,-130.,50.));
#4850=CARTESIAN_POINT('Origin',(-120.,-130.,30.));
#4851=CARTESIAN_POINT('',(-83.7500012479722,-130.,50.));
#4852=CARTESIAN_POINT('Origin',(0.,-80.,50.));
#4853=CARTESIAN_POINT('',(-120.,-40.,50.));
#4854=CARTESIAN_POINT('Origin',(0.,-10.,90.));
#4855=CARTESIAN_POINT('',(-120.,-5.,90.));
#4856=CARTESIAN_POINT('Origin',(-120.,0.,155.132760983367));
#4857=CARTESIAN_POINT('',(-120.,0.,155.132760983367));
#4858=CARTESIAN_POINT('Origin',(-168.750002514571,-130.,30.));
#4859=CARTESIAN_POINT('Origin',(-165.000002458692,-130.,30.));
#4860=CARTESIAN_POINT('Origin',(-170.000002533197,-60.,70.0000013411045));
#4861=CARTESIAN_POINT('',(-165.000002458692,-80.,70.0000013411045));
#4862=CARTESIAN_POINT('',(-170.000002533197,-80.,70.0000013411045));
#4863=CARTESIAN_POINT('Origin',(-165.000002458692,-60.,70.0000013411045));
#4864=CARTESIAN_POINT('Origin',(-170.000002533197,-80.,50.));
#4865=CARTESIAN_POINT('',(-165.000002458692,-80.,70.0000006705523));
#4866=CARTESIAN_POINT('Origin',(-165.000002458692,0.,90.0000013411045));
#4867=CARTESIAN_POINT('',(-165.,50.,5.));
#4868=CARTESIAN_POINT('Origin',(-125.000001862645,0.,155.132760983367));
#4869=CARTESIAN_POINT('Origin',(-145.,0.,5.));
#4870=CARTESIAN_POINT('Origin',(-145.,0.,0.));
#4871=CARTESIAN_POINT('Origin',(-1.99999997625127,-60.0000037997961,204.321260654688));
#4872=CARTESIAN_POINT('Origin',(0.500000023748726,-60.0000037997961,204.321260654688));
#4873=CARTESIAN_POINT('Origin',(-0.749999976251274,-130.,29.9999988824129));
#4874=CARTESIAN_POINT('',(0.500000023748726,-150.,29.9999988824129));
#4875=CARTESIAN_POINT('',(-0.749999976251274,-150.,29.9999988824129));
#4876=CARTESIAN_POINT('',(0.500000023748726,-130.,49.9999988824129));
#4877=CARTESIAN_POINT('Origin',(0.500000023748726,-130.,29.9999988824129));
#4878=CARTESIAN_POINT('',(-0.749999976251274,-130.,49.9999988824129));
#4879=CARTESIAN_POINT('Origin',(0.500000023748726,-80.0000037997961,49.9999988824129));
#4880=CARTESIAN_POINT('',(0.500000023748726,-40.0000018998981,49.9999988824129));
#4881=CARTESIAN_POINT('Origin',(0.500000023748726,0.,224.321260654688));
#4882=CARTESIAN_POINT('',(0.500000023748726,-150.,29.3750013952376));
#4883=CARTESIAN_POINT('',(0.500000023748726,-150.,224.321260654688));
#4884=CARTESIAN_POINT('',(0.500000023748726,0.,29.3750013952376));
#4885=CARTESIAN_POINT('Origin',(-1.99999997625127,-150.,126.848131024963));
#4886=CARTESIAN_POINT('',(0.500000023748726,-150.,29.3750013952376));
#4887=CARTESIAN_POINT('Origin',(0.500000023748726,0.,29.3750013952376));
#4888=CARTESIAN_POINT('Origin',(2.50000093132257,-150.,26.8758139491781));
#4889=CARTESIAN_POINT('',(-120.,-150.,24.3758139491781));
#4890=CARTESIAN_POINT('',(125.000001862645,-150.,24.3758139491781));
#4891=CARTESIAN_POINT('',(-120.,-150.,24.3758139491781));
#4892=CARTESIAN_POINT('',(125.000001862645,-150.,29.3758139491781));
#4893=CARTESIAN_POINT('',(125.000001862645,-150.,24.3758139491781));
#4894=CARTESIAN_POINT('',(-120.,-150.,29.3758139491781));
#4895=CARTESIAN_POINT('',(125.000001862645,-150.,29.3758139491781));
#4896=CARTESIAN_POINT('',(-120.,-150.,29.3758139491781));
#4897=CARTESIAN_POINT('Origin',(125.000001862645,0.,29.3758139491781));
#4898=CARTESIAN_POINT('',(125.000001862645,50.,24.3758139491781));
#4899=CARTESIAN_POINT('',(125.000001862645,0.,24.3758139491781));
#4900=CARTESIAN_POINT('',(125.000001862645,50.,29.3758139491781));
#4901=CARTESIAN_POINT('',(125.000001862645,50.,24.3758139491781));
#4902=CARTESIAN_POINT('',(125.000001862645,0.,29.3758139491781));
#4903=CARTESIAN_POINT('Origin',(-120.,0.,29.3758139491781));
#4904=CARTESIAN_POINT('',(-120.,50.,29.3758139491781));
#4905=CARTESIAN_POINT('',(125.000001862645,50.,29.3758139491781));
#4906=CARTESIAN_POINT('',(-120.,0.,29.3758139491781));
#4907=CARTESIAN_POINT('Origin',(-120.,0.,24.3758139491781));
#4908=CARTESIAN_POINT('',(-120.,50.,24.3758139491781));
#4909=CARTESIAN_POINT('',(-120.,50.,29.3758139491781));
#4910=CARTESIAN_POINT('',(-120.,0.,24.3758139491781));
#4911=CARTESIAN_POINT('Origin',(125.000001862645,0.,24.3758139491781));
#4912=CARTESIAN_POINT('',(-120.,50.,24.3758139491781));
#4913=CARTESIAN_POINT('Origin',(2.50000093132257,50.,26.8758139491781));
#4914=CARTESIAN_POINT('Origin',(-127.000001079379,50.,92.0000013411045));
#4915=CARTESIAN_POINT('',(-127.000001079379,50.,90.0000013411045));
#4916=CARTESIAN_POINT('',(-125.000001079379,50.,92.0000013659178));
#4917=CARTESIAN_POINT('Origin',(-127.000001079379,50.,92.0000013411045));
#4918=CARTESIAN_POINT('',(-125.000001079379,53.,92.0000013659178));
#4919=CARTESIAN_POINT('',(-125.000001079379,50.,92.0000013659178));
#4920=CARTESIAN_POINT('',(-127.000001079379,53.,90.0000013411045));
#4921=CARTESIAN_POINT('Origin',(-127.000001079379,53.,92.0000013411045));
#4922=CARTESIAN_POINT('',(-127.000001079379,50.,90.0000013411045));
#4923=CARTESIAN_POINT('Ctrl Pts',(-123.000001029752,55.,88.0000013411045));
#4924=CARTESIAN_POINT('Ctrl Pts',(-123.001327440794,55.,88.0026541631372));
#4925=CARTESIAN_POINT('Ctrl Pts',(-123.002654145849,54.9999987798364,88.0053075731979));
#4926=CARTESIAN_POINT('Ctrl Pts',(-123.362072763996,54.9992443312757,88.7241447961553));
#4927=CARTESIAN_POINT('Ctrl Pts',(-123.814480681157,54.8802008639529,89.6289606136049));
#4928=CARTESIAN_POINT('Ctrl Pts',(-124.294977793252,54.5344183144224,90.5899548199134));
#4929=CARTESIAN_POINT('Ctrl Pts',(-124.518201251011,54.3147659527684,91.0364017271195));
#4930=CARTESIAN_POINT('Ctrl Pts',(-124.712990298334,54.0508102461075,91.4259798145156));
#4931=CARTESIAN_POINT('Ctrl Pts',(-124.87089950607,53.7365977095738,91.7417982241079));
#4932=CARTESIAN_POINT('Ctrl Pts',(-124.974994098834,53.3833142050953,91.9499874057604));
#4933=CARTESIAN_POINT('Ctrl Pts',(-125.000001079379,53.1266449226444,92.0000013659178));
#4934=CARTESIAN_POINT('Ctrl Pts',(-125.000001079379,52.9999999999999,92.0000013659178));
#4935=CARTESIAN_POINT('Ctrl Pts',(-123.000001029752,55.,88.0000013411045));
#4936=CARTESIAN_POINT('Ctrl Pts',(-123.001579997653,55.0000105139864,88.0024030715612));
#4937=CARTESIAN_POINT('Ctrl Pts',(-123.003159467939,54.9999852473955,88.0048009075767));
#4938=CARTESIAN_POINT('Ctrl Pts',(-123.431115361414,55.0019585858798,88.655099453347));
#4939=CARTESIAN_POINT('Ctrl Pts',(-123.969318257757,54.826539640666,89.4742667830467));
#4940=CARTESIAN_POINT('Ctrl Pts',(-124.4659811359,54.3916047438248,90.3038157891573));
#4941=CARTESIAN_POINT('Ctrl Pts',(-124.675782987024,54.1335871496678,90.6772109756564));
#4942=CARTESIAN_POINT('Ctrl Pts',(-124.834879684495,53.8498794311671,90.98842637325));
#4943=CARTESIAN_POINT('Ctrl Pts',(-124.93934343572,53.5531578909513,91.2250247818966));
#4944=CARTESIAN_POINT('Ctrl Pts',(-124.990708451658,53.2691309888017,91.3691087375506));
#4945=CARTESIAN_POINT('Ctrl Pts',(-124.999739480267,53.0887258550789,91.4013688957212));
#4946=CARTESIAN_POINT('Ctrl Pts',(-125.000001071955,52.9999999999999,91.4016027605077));
#4947=CARTESIAN_POINT('Ctrl Pts',(-123.000001029752,55.,88.0000013411045));
#4948=CARTESIAN_POINT('Ctrl Pts',(-123.002023018852,55.0000166691457,88.0019584630339));
#4949=CARTESIAN_POINT('Ctrl Pts',(-123.004043587826,54.9999772945198,88.0039191317171));
#4950=CARTESIAN_POINT('Ctrl Pts',(-123.551356151968,55.0034185746262,88.5340737022334));
#4951=CARTESIAN_POINT('Ctrl Pts',(-124.242234095242,54.7872629812258,89.2032571972764));
#4952=CARTESIAN_POINT('Ctrl Pts',(-124.874560017874,54.2778298610161,89.8038445851091));
#4953=CARTESIAN_POINT('Ctrl Pts',(-125.138101457583,53.9852281845163,90.0503125704911));
#4954=CARTESIAN_POINT('Ctrl Pts',(-125.331543909777,53.6804018041765,90.2265314127522));
#4955=CARTESIAN_POINT('Ctrl Pts',(-125.448907713798,53.3937241953566,90.3276353812404));
#4956=CARTESIAN_POINT('Ctrl Pts',(-125.496541711817,53.1675228364729,90.3631317974728));
#4957=CARTESIAN_POINT('Ctrl Pts',(-125.502142639928,53.0549474951672,90.3655788261232));
#4958=CARTESIAN_POINT('Ctrl Pts',(-125.502634573138,53.,90.3660516098198));
#4959=CARTESIAN_POINT('Ctrl Pts',(-123.000001029752,55.,88.0000013411045));
#4960=CARTESIAN_POINT('Ctrl Pts',(-123.002465533123,55.0000078854898,88.0015171697585));
#4961=CARTESIAN_POINT('Ctrl Pts',(-123.004927262668,54.9999886305057,88.0030334487068));
#4962=CARTESIAN_POINT('Ctrl Pts',(-123.672360482794,55.0012800222288,88.4138550150936));
#4963=CARTESIAN_POINT('Ctrl Pts',(-124.512939940874,54.8399549464879,88.930609156192));
#4964=CARTESIAN_POINT('Ctrl Pts',(-125.375350253143,54.4273081364744,89.4232305821253));
#4965=CARTESIAN_POINT('Ctrl Pts',(-125.767008372467,54.1788818504432,89.6363878300467));
#4966=CARTESIAN_POINT('Ctrl Pts',(-126.097814444596,53.9001121349023,89.8044076108764));
#4967=CARTESIAN_POINT('Ctrl Pts',(-126.354217854943,53.5990178456072,89.922232723047));
#4968=CARTESIAN_POINT('Ctrl Pts',(-126.514328117899,53.297676792875,89.9867801312038));
#4969=CARTESIAN_POINT('Ctrl Pts',(-126.551026726729,53.0982056219704,89.9998051473409));
#4970=CARTESIAN_POINT('Ctrl Pts',(-126.551202125321,53.,90.0000013411045));
#4971=CARTESIAN_POINT('Ctrl Pts',(-123.000001029752,55.,88.0000013411045));
#4972=CARTESIAN_POINT('Ctrl Pts',(-123.002653851802,55.,88.0013277521117));
#4973=CARTESIAN_POINT('Ctrl Pts',(-123.00530726188,54.9999987798364,88.0026544571347));
#4974=CARTESIAN_POINT('Ctrl Pts',(-123.724144489258,54.9992443312757,88.3620730663882));
#4975=CARTESIAN_POINT('Ctrl Pts',(-124.628960312352,54.880200863953,88.8144809723027));
#4976=CARTESIAN_POINT('Ctrl Pts',(-125.589954524619,54.5344183144226,89.2949780724767));
#4977=CARTESIAN_POINT('Ctrl Pts',(-126.036401434598,54.3147659527686,89.5182015246946));
#4978=CARTESIAN_POINT('Ctrl Pts',(-126.425979524411,54.0508102461076,89.7129905671843));
#4979=CARTESIAN_POINT('Ctrl Pts',(-126.741797935965,53.736597709574,89.8708997710007));
#4980=CARTESIAN_POINT('Ctrl Pts',(-126.94998711891,53.3833142050952,89.9749943611811));
#4981=CARTESIAN_POINT('Ctrl Pts',(-127.000001079379,53.1266449226445,90.0000013411045));
#4982=CARTESIAN_POINT('Ctrl Pts',(-127.000001079379,53.,90.0000013411045));
#4983=CARTESIAN_POINT('',(-123.000001029752,55.,88.0000013411045));
#4984=CARTESIAN_POINT('Ctrl Pts',(-125.000001079379,52.9999999999999,92.0000013659178));
#4985=CARTESIAN_POINT('Ctrl Pts',(-125.000001079379,53.1266449226444,92.0000013659178));
#4986=CARTESIAN_POINT('Ctrl Pts',(-124.974994098834,53.3833142050953,91.9499874057604));
#4987=CARTESIAN_POINT('Ctrl Pts',(-124.87089950607,53.7365977095738,91.7417982241079));
#4988=CARTESIAN_POINT('Ctrl Pts',(-124.712990298334,54.0508102461075,91.4259798145156));
#4989=CARTESIAN_POINT('Ctrl Pts',(-124.518201251011,54.3147659527684,91.0364017271195));
#4990=CARTESIAN_POINT('Ctrl Pts',(-124.294977793252,54.5344183144224,90.5899548199134));
#4991=CARTESIAN_POINT('Ctrl Pts',(-123.814480681157,54.8802008639529,89.6289606136049));
#4992=CARTESIAN_POINT('Ctrl Pts',(-123.362072763996,54.9992443312757,88.7241447961553));
#4993=CARTESIAN_POINT('Ctrl Pts',(-123.002654145849,54.9999987798364,88.0053075731979));
#4994=CARTESIAN_POINT('Ctrl Pts',(-123.001327440794,55.,88.0026541631372));
#4995=CARTESIAN_POINT('Ctrl Pts',(-123.000001029752,55.,88.0000013411045));
#4996=CARTESIAN_POINT('Ctrl Pts',(-123.000001029752,55.,88.0000013411045));
#4997=CARTESIAN_POINT('Ctrl Pts',(-123.002653851802,55.,88.0013277521117));
#4998=CARTESIAN_POINT('Ctrl Pts',(-123.00530726188,54.9999987798364,88.0026544571347));
#4999=CARTESIAN_POINT('Ctrl Pts',(-123.724144489258,54.9992443312757,88.3620730663882));
#5000=CARTESIAN_POINT('Ctrl Pts',(-124.628960312352,54.880200863953,88.8144809723027));
#5001=CARTESIAN_POINT('Ctrl Pts',(-125.589954524619,54.5344183144226,89.2949780724767));
#5002=CARTESIAN_POINT('Ctrl Pts',(-126.036401434598,54.3147659527686,89.5182015246946));
#5003=CARTESIAN_POINT('Ctrl Pts',(-126.425979524411,54.0508102461076,89.7129905671843));
#5004=CARTESIAN_POINT('Ctrl Pts',(-126.741797935965,53.736597709574,89.8708997710007));
#5005=CARTESIAN_POINT('Ctrl Pts',(-126.94998711891,53.3833142050952,89.9749943611811));
#5006=CARTESIAN_POINT('Ctrl Pts',(-127.000001079379,53.1266449226445,90.0000013411045));
#5007=CARTESIAN_POINT('Ctrl Pts',(-127.000001079379,53.,90.0000013411045));
#5008=CARTESIAN_POINT('Origin',(-123.000001192035,53.,101.080314537136));
#5009=CARTESIAN_POINT('',(-125.000001836185,53.,152.999999975187));
#5010=CARTESIAN_POINT('',(-125.000001192035,53.,101.080314512323));
#5011=CARTESIAN_POINT('',(-123.000001836185,55.,153.));
#5012=CARTESIAN_POINT('Origin',(-123.000001836185,53.,153.));
#5013=CARTESIAN_POINT('',(-123.000001192035,55.,101.080314537136));
#5014=CARTESIAN_POINT('Origin',(-125.000001054566,50.,90.));
#5015=CARTESIAN_POINT('',(-125.000001836185,50.,152.999999975187));
#5016=CARTESIAN_POINT('',(-125.,50.,5.));
#5017=CARTESIAN_POINT('',(-125.000001836185,50.,152.999999975187));
#5018=CARTESIAN_POINT('Origin',(128.000006174669,53.,222.321260654688));
#5019=CARTESIAN_POINT('',(128.000006174669,53.,224.321260654688));
#5020=CARTESIAN_POINT('',(128.000006174669,55.,222.321260654688));
#5021=CARTESIAN_POINT('Origin',(128.000006174669,53.,222.321260654688));
#5022=CARTESIAN_POINT('',(130.000006174669,53.,222.321260654688));
#5023=CARTESIAN_POINT('Origin',(128.000006174669,53.,222.321260654688));
#5024=CARTESIAN_POINT('Origin',(128.000006174669,53.,222.321260654688));
#5025=CARTESIAN_POINT('Origin',(128.000006174669,50.,222.321260654688));
#5026=CARTESIAN_POINT('',(128.000006174669,50.,224.321260654688));
#5027=CARTESIAN_POINT('',(130.,50.,222.321260654688));
#5028=CARTESIAN_POINT('Origin',(128.000006174669,50.,222.321260654688));
#5029=CARTESIAN_POINT('',(130.000006174669,50.,222.321260654688));
#5030=CARTESIAN_POINT('',(128.000006174669,50.,224.321260654688));
#5031=CARTESIAN_POINT('Origin',(128.000006174669,53.,168.240945491016));
#5032=CARTESIAN_POINT('',(130.,53.,0.));
#5033=CARTESIAN_POINT('',(128.000006174669,55.,0.));
#5034=CARTESIAN_POINT('Origin',(128.000006174669,53.,0.));
#5035=CARTESIAN_POINT('',(128.000006174669,55.,168.240945491016));
#5036=CARTESIAN_POINT('',(130.000006174669,53.,168.240945491016));
#5037=CARTESIAN_POINT('Origin',(-168.000002533197,53.,88.0000013411045));
#5038=CARTESIAN_POINT('',(-170.000002533197,53.,88.0000013411045));
#5039=CARTESIAN_POINT('',(-168.000002533197,55.,88.0000013411045));
#5040=CARTESIAN_POINT('Origin',(-168.000002533197,53.,88.0000013411045));
#5041=CARTESIAN_POINT('',(-168.000002533197,53.,90.0000013411045));
#5042=CARTESIAN_POINT('Origin',(-168.000002533197,53.,88.0000013411045));
#5043=CARTESIAN_POINT('Origin',(-168.000002533197,53.,88.0000013411045));
#5044=CARTESIAN_POINT('Origin',(-168.000002533197,50.,88.0000013411045));
#5045=CARTESIAN_POINT('',(-170.000002533197,50.,88.0000013411045));
#5046=CARTESIAN_POINT('',(-168.000002533197,50.,90.0000013411045));
#5047=CARTESIAN_POINT('Origin',(-168.000002533197,50.,88.0000013411045));
#5048=CARTESIAN_POINT('',(-168.000002533197,50.,90.0000013411045));
#5049=CARTESIAN_POINT('',(-170.000002533197,50.,88.0000013411045));
#5050=CARTESIAN_POINT('Origin',(-2.49999989941716,53.,222.321260654688));
#5051=CARTESIAN_POINT('',(-4.49999989941716,53.,222.321260654688));
#5052=CARTESIAN_POINT('',(-2.49999989941716,55.,222.321260654688));
#5053=CARTESIAN_POINT('Origin',(-2.49999989941716,53.,222.321260654688));
#5054=CARTESIAN_POINT('',(-2.49999989941716,53.,224.321260654688));
#5055=CARTESIAN_POINT('Origin',(-2.49999989941716,53.,222.321260654688));
#5056=CARTESIAN_POINT('Origin',(-2.49999989941716,53.,222.321260654688));
#5057=CARTESIAN_POINT('Origin',(-2.49999989941716,50.,222.321260654688));
#5058=CARTESIAN_POINT('',(-4.49999989941716,50.,222.321260654688));
#5059=CARTESIAN_POINT('',(-2.49999989941717,50.,224.321260654688));
#5060=CARTESIAN_POINT('Origin',(-2.49999989941716,50.,222.321260654688));
#5061=CARTESIAN_POINT('',(-2.49999989941716,50.,224.321260654688));
#5062=CARTESIAN_POINT('',(-4.49999989941716,50.,222.321260654688));
#5063=CARTESIAN_POINT('Origin',(-12.2499965393408,53.,222.321260654688));
#5064=CARTESIAN_POINT('',(-12.2499965393408,55.,222.321260654688));
#5065=CARTESIAN_POINT('',(-12.2499965393408,53.,224.321260654688));
#5066=CARTESIAN_POINT('Origin',(-6.49999989941716,53.,157.));
#5067=CARTESIAN_POINT('',(-6.49999989941716,53.,155.));
#5068=CARTESIAN_POINT('',(-6.49999989941716,55.,153.));
#5069=CARTESIAN_POINT('Origin',(-6.49999989941716,53.,153.));
#5070=CARTESIAN_POINT('',(-4.49999989941716,53.,157.));
#5071=CARTESIAN_POINT('Origin',(-6.49999989941716,53.,157.));
#5072=CARTESIAN_POINT('',(-2.49999989941716,55.,157.));
#5073=CARTESIAN_POINT('Origin',(-2.49999989941716,53.,157.));
#5074=CARTESIAN_POINT('Origin',(-6.49999989941716,55.,157.));
#5075=CARTESIAN_POINT('Origin',(-6.49999989941716,50.,157.));
#5076=CARTESIAN_POINT('',(-6.49999989941715,50.,155.));
#5077=CARTESIAN_POINT('',(-4.49999989941716,50.,157.));
#5078=CARTESIAN_POINT('Origin',(-6.49999989941716,50.,157.));
#5079=CARTESIAN_POINT('',(-4.49999989941716,50.,157.));
#5080=CARTESIAN_POINT('',(-6.49999989941716,50.,155.));
#5081=CARTESIAN_POINT('Origin',(-2.49999989941716,53.,133.580315163672));
#5082=CARTESIAN_POINT('',(-2.49999989941716,55.,133.580315163672));
#5083=CARTESIAN_POINT('',(-4.49999989941716,53.,133.580315163672));
#5084=CARTESIAN_POINT('Origin',(-123.000001836185,53.,153.));
#5085=CARTESIAN_POINT('',(-123.000001836185,53.,155.));
#5086=CARTESIAN_POINT('Origin',(-123.000001836185,53.,153.));
#5087=CARTESIAN_POINT('Origin',(-123.000001836185,53.,153.));
#5088=CARTESIAN_POINT('Origin',(-123.000001836185,50.,153.));
#5089=CARTESIAN_POINT('',(-123.000001836185,50.,155.));
#5090=CARTESIAN_POINT('Origin',(-123.000001836185,50.,153.));
#5091=CARTESIAN_POINT('',(-123.000001836185,50.,155.));
#5092=CARTESIAN_POINT('Origin',(-72.4999965896322,53.,153.));
#5093=CARTESIAN_POINT('',(-72.4999965896322,55.,153.));
#5094=CARTESIAN_POINT('',(-72.4999965896322,53.,155.));
#5095=CARTESIAN_POINT('Origin',(-94.9999978562309,53.,88.0000013411045));
#5096=CARTESIAN_POINT('',(-94.9999978562309,55.,88.0000013411045));
#5097=CARTESIAN_POINT('',(-94.9999978562309,53.,90.0000013411045));
#5098=CARTESIAN_POINT('Origin',(-168.000002533197,53.,56.0803151636719));
#5099=CARTESIAN_POINT('',(-168.000002533197,55.,0.));
#5100=CARTESIAN_POINT('',(-170.000002533197,53.,0.));
#5101=CARTESIAN_POINT('Origin',(-168.000002533197,53.,0.));
#5102=CARTESIAN_POINT('',(-170.000002533197,53.,56.0803151636719));
#5103=CARTESIAN_POINT('',(-168.000002533197,55.,56.0803151636719));
#5104=CARTESIAN_POINT('Origin',(130.000006174669,50.,224.321260654688));
#5105=CARTESIAN_POINT('',(130.,50.,0.));
#5106=CARTESIAN_POINT('',(130.,50.,224.320329676621));
#5107=CARTESIAN_POINT('',(130.,50.,0.));
#5108=CARTESIAN_POINT('Origin',(-4.49999989941716,50.,224.321260654688));
#5109=CARTESIAN_POINT('',(130.000006174669,50.,224.321260654688));
#5110=CARTESIAN_POINT('Origin',(-4.49999989941716,50.,155.));
#5111=CARTESIAN_POINT('',(-4.49999989941716,50.,155.));
#5112=CARTESIAN_POINT('Origin',(-125.,50.,155.));
#5113=CARTESIAN_POINT('',(-125.,50.,155.));
#5114=CARTESIAN_POINT('Origin',(-19.9999931792644,50.,112.160630327344));
#5115=CARTESIAN_POINT('',(-170.000002533197,50.,90.0000013411045));
#5116=CARTESIAN_POINT('',(-170.000002533197,50.,0.));
#5117=CARTESIAN_POINT('',(-170.000002533197,50.,0.));
#5118=CARTESIAN_POINT('',(130.,50.,0.));
#5119=CARTESIAN_POINT('Origin',(-170.000002533197,50.,90.0000013411045));
#5120=CARTESIAN_POINT('Origin',(-170.000002533197,50.,0.));
#5121=CARTESIAN_POINT('',(-170.000002533197,50.,0.));
#5122=CARTESIAN_POINT('Origin',(130.,50.,0.));
#5123=CARTESIAN_POINT('',(130.,55.,0.));
#5124=CARTESIAN_POINT('Origin',(-19.9999931792644,55.,112.160630327344));
#5125=CARTESIAN_POINT('Origin',(0.,-80.0000011920929,189.000002816319));
#5126=CARTESIAN_POINT('',(0.,50.,159.000002369285));
#5127=CARTESIAN_POINT('',(0.,-80.0000011920929,189.000002816319));
#5128=CARTESIAN_POINT('',(0.,50.,159.000002369285));
#5129=CARTESIAN_POINT('',(125.,50.,159.000002369285));
#5130=CARTESIAN_POINT('',(0.,50.,159.000002369285));
#5131=CARTESIAN_POINT('',(125.,-80.0000011920929,189.000002816319));
#5132=CARTESIAN_POINT('',(125.,50.,159.000002369285));
#5133=CARTESIAN_POINT('',(0.,-80.0000011920929,189.000002816319));
#5134=CARTESIAN_POINT('Origin',(0.,-80.,195.));
#5135=CARTESIAN_POINT('',(0.,-80.,195.));
#5136=CARTESIAN_POINT('',(0.,-80.0000011920929,189.000002816319));
#5137=CARTESIAN_POINT('',(125.,-80.,195.));
#5138=CARTESIAN_POINT('',(125.,-80.0000011920929,189.000002816319));
#5139=CARTESIAN_POINT('',(0.,-80.,195.));
#5140=CARTESIAN_POINT('Origin',(0.,50.,165.));
#5141=CARTESIAN_POINT('',(0.,50.,165.));
#5142=CARTESIAN_POINT('',(0.,-80.,195.));
#5143=CARTESIAN_POINT('',(125.,50.,165.));
#5144=CARTESIAN_POINT('',(125.,-80.,195.));
#5145=CARTESIAN_POINT('',(0.,50.,165.));
#5146=CARTESIAN_POINT('Origin',(0.,50.,159.000002369285));
#5147=CARTESIAN_POINT('',(0.,50.,165.));
#5148=CARTESIAN_POINT('',(125.,50.,165.));
#5149=CARTESIAN_POINT('Origin',(125.,-15.0000005960464,177.000001184642));
#5150=CARTESIAN_POINT('Origin',(0.,-15.0000005960464,177.000001184642));
#5151=CARTESIAN_POINT('Origin',(0.,50.,130.));
#5152=CARTESIAN_POINT('',(0.,-80.,160.));
#5153=CARTESIAN_POINT('',(0.,50.,130.));
#5154=CARTESIAN_POINT('',(0.,-80.,160.));
#5155=CARTESIAN_POINT('',(125.,-80.,160.));
#5156=CARTESIAN_POINT('',(0.,-80.,160.));
#5157=CARTESIAN_POINT('',(125.,50.,130.));
#5158=CARTESIAN_POINT('',(125.,-80.,160.));
#5159=CARTESIAN_POINT('',(0.,50.,130.));
#5160=CARTESIAN_POINT('Origin',(0.,50.,124.000002369285));
#5161=CARTESIAN_POINT('',(0.,50.,124.000002369285));
#5162=CARTESIAN_POINT('',(0.,50.,130.));
#5163=CARTESIAN_POINT('',(125.,50.,124.000002369285));
#5164=CARTESIAN_POINT('',(125.,50.,130.));
#5165=CARTESIAN_POINT('',(0.,50.,124.000002369285));
#5166=CARTESIAN_POINT('Origin',(0.,-80.0000011920929,154.000002816319));
#5167=CARTESIAN_POINT('',(0.,-80.0000011920929,154.000002816319));
#5168=CARTESIAN_POINT('',(0.,50.,124.000002369285));
#5169=CARTESIAN_POINT('',(125.,-80.0000011920929,154.000002816319));
#5170=CARTESIAN_POINT('',(125.,50.,124.000002369285));
#5171=CARTESIAN_POINT('',(0.,-80.0000011920929,154.000002816319));
#5172=CARTESIAN_POINT('Origin',(0.,-80.,160.));
#5173=CARTESIAN_POINT('',(0.,-80.0000011920929,154.000002816319));
#5174=CARTESIAN_POINT('',(125.,-80.0000011920929,154.000002816319));
#5175=CARTESIAN_POINT('Origin',(125.,-15.0000005960464,142.000001184642));
#5176=CARTESIAN_POINT('Origin',(0.,-15.0000005960464,142.000001184642));
#5177=CARTESIAN_POINT('Origin',(0.,50.,95.));
#5178=CARTESIAN_POINT('',(0.,-80.,125.));
#5179=CARTESIAN_POINT('',(0.,50.,95.));
#5180=CARTESIAN_POINT('',(0.,-80.,125.));
#5181=CARTESIAN_POINT('',(125.,-80.,125.));
#5182=CARTESIAN_POINT('',(0.,-80.,125.));
#5183=CARTESIAN_POINT('',(125.,50.,95.));
#5184=CARTESIAN_POINT('',(125.,-80.,125.));
#5185=CARTESIAN_POINT('',(0.,50.,95.));
#5186=CARTESIAN_POINT('Origin',(0.,50.,89.0000023692846));
#5187=CARTESIAN_POINT('',(0.,50.,89.0000023692846));
#5188=CARTESIAN_POINT('',(0.,50.,95.));
#5189=CARTESIAN_POINT('',(125.,50.,89.0000023692846));
#5190=CARTESIAN_POINT('',(125.,50.,95.));
#5191=CARTESIAN_POINT('',(0.,50.,89.0000023692846));
#5192=CARTESIAN_POINT('Origin',(0.,-80.0000011920929,119.000002816319));
#5193=CARTESIAN_POINT('',(0.,-80.0000011920929,119.000002816319));
#5194=CARTESIAN_POINT('',(0.,50.,89.0000023692846));
#5195=CARTESIAN_POINT('',(125.,-80.0000011920929,119.000002816319));
#5196=CARTESIAN_POINT('',(125.,50.,89.0000023692846));
#5197=CARTESIAN_POINT('',(0.,-80.0000011920929,119.000002816319));
#5198=CARTESIAN_POINT('Origin',(0.,-80.,125.));
#5199=CARTESIAN_POINT('',(0.,-80.0000011920929,119.000002816319));
#5200=CARTESIAN_POINT('',(125.,-80.0000011920929,119.000002816319));
#5201=CARTESIAN_POINT('Origin',(125.,-15.0000005960464,107.000001184642));
#5202=CARTESIAN_POINT('Origin',(0.,-15.0000005960464,107.000001184642));
#5203=UNCERTAINTY_MEASURE_WITH_UNIT(LENGTH_MEASURE(0.01),#5207,
'DISTANCE_ACCURACY_VALUE',
'Maximum model space distance between geometric entities at asserted c
onnectivities');
#5204=UNCERTAINTY_MEASURE_WITH_UNIT(LENGTH_MEASURE(0.01),#5207,
'DISTANCE_ACCURACY_VALUE',
'Maximum model space distance between geometric entities at asserted c
onnectivities');
#5205=(
GEOMETRIC_REPRESENTATION_CONTEXT(3)
GLOBAL_UNCERTAINTY_ASSIGNED_CONTEXT((#5203))
GLOBAL_UNIT_ASSIGNED_CONTEXT((#5207,#5209,#5210))
REPRESENTATION_CONTEXT('','3D')
);
#5206=(
GEOMETRIC_REPRESENTATION_CONTEXT(3)
GLOBAL_UNCERTAINTY_ASSIGNED_CONTEXT((#5204))
GLOBAL_UNIT_ASSIGNED_CONTEXT((#5207,#5209,#5210))
REPRESENTATION_CONTEXT('','3D')
);
#5207=(
LENGTH_UNIT()
NAMED_UNIT(*)
SI_UNIT(.MILLI.,.METRE.)
);
#5208=(
LENGTH_UNIT()
NAMED_UNIT(*)
SI_UNIT($,.METRE.)
);
#5209=(
NAMED_UNIT(*)
PLANE_ANGLE_UNIT()
SI_UNIT($,.RADIAN.)
);
#5210=(
NAMED_UNIT(*)
SI_UNIT($,.STERADIAN.)
SOLID_ANGLE_UNIT()
);
#5211=SHAPE_DEFINITION_REPRESENTATION(#5212,#5213);
#5212=PRODUCT_DEFINITION_SHAPE('',$,#5215);
#5213=SHAPE_REPRESENTATION('',(#3069),#5205);
#5214=PRODUCT_DEFINITION_CONTEXT('part definition',#5219,'design');
#5215=PRODUCT_DEFINITION('2026-09-13-17-12-44-999','DESK STAND',#5216,#5214);
#5216=PRODUCT_DEFINITION_FORMATION('',$,#5221);
#5217=PRODUCT_RELATED_PRODUCT_CATEGORY('DESK STAND','DESK STAND',(#5221));
#5218=APPLICATION_PROTOCOL_DEFINITION('international standard',
'automotive_design',2009,#5219);
#5219=APPLICATION_CONTEXT(
'Core Data for Automotive Mechanical Design Process');
#5220=PRODUCT_CONTEXT('part definition',#5219,'mechanical');
#5221=PRODUCT('2026-09-13-17-12-44-999','DESK STAND',$,(#5220));
#5222=PRESENTATION_STYLE_ASSIGNMENT((#5223));
#5223=SURFACE_STYLE_USAGE(.BOTH.,#5224);
#5224=SURFACE_SIDE_STYLE('',(#5225));
#5225=SURFACE_STYLE_FILL_AREA(#5226);
#5226=FILL_AREA_STYLE('Steel - Satin',(#5227));
#5227=FILL_AREA_STYLE_COLOUR('Steel - Satin',#5228);
#5228=COLOUR_RGB('Steel - Satin',0.627450980392157,0.627450980392157,0.627450980392157);
ENDSEC;
END-ISO-10303-21;
